ar;antalEFT;antalPEN;antalTILL;antalEFTprognos;antalTILLprognos;antalPENprognos;conceptidprognosyrke
2015;1,00;1,00;1,00;;;;1JfT_7TR_tqA
2016;1,21;1,13;1,04;;;;1JfT_7TR_tqA
2017;1,25;1,23;1,07;;;;1JfT_7TR_tqA
2018;1,28;1,08;1,11;;;1,08;1JfT_7TR_tqA
2019;1,31;;1,13;1,31;1,13;0,96;1JfT_7TR_tqA
2020;;;;;1,19;0,77;1JfT_7TR_tqA
2021;;;;;1,23;0,68;1JfT_7TR_tqA
2022;;;;1,35;1,28;0,65;1JfT_7TR_tqA
2023;;;;;1,32;0,65;1JfT_7TR_tqA
2024;;;;;1,36;0,68;1JfT_7TR_tqA
2025;;;;;1,39;0,71;1JfT_7TR_tqA
2026;;;;1,38;1,42;0,77;1JfT_7TR_tqA
2015;1,00;1,00;1,00;;;;1Uj2_6JM_zuz
2016;1,24;1,44;1,02;;;;1Uj2_6JM_zuz
2017;1,26;1,52;1,03;;;;1Uj2_6JM_zuz
2018;1,29;2,17;1,04;;;2,17;1Uj2_6JM_zuz
2019;1,28;;1,02;1,28;1,02;1,24;1Uj2_6JM_zuz
2020;;;;;1,03;1,33;1Uj2_6JM_zuz
2021;;;;;1,05;1,42;1Uj2_6JM_zuz
2022;;;;1,43;1,06;1,50;1Uj2_6JM_zuz
2023;;;;;1,07;1,59;1Uj2_6JM_zuz
2024;;;;;1,08;1,68;1Uj2_6JM_zuz
2025;;;;;1,10;1,80;1Uj2_6JM_zuz
2026;;;;1,70;1,11;1,90;1Uj2_6JM_zuz
2015;1,00;1,00;1,00;;;;1Y5U_iZ4_Bo9
2016;1,14;1,41;1,02;;;;1Y5U_iZ4_Bo9
2017;1,21;1,44;1,03;;;;1Y5U_iZ4_Bo9
2018;1,18;1,91;1,03;;;1,91;1Y5U_iZ4_Bo9
2019;1,11;;1,00;1,11;1,00;1,00;1Y5U_iZ4_Bo9
2020;;;;;1,00;1,13;1Y5U_iZ4_Bo9
2021;;;;;1,00;1,22;1Y5U_iZ4_Bo9
2022;;;;1,22;1,00;1,26;1Y5U_iZ4_Bo9
2023;;;;;1,01;1,30;1Y5U_iZ4_Bo9
2024;;;;;1,01;1,37;1Y5U_iZ4_Bo9
2025;;;;;1,02;1,41;1Y5U_iZ4_Bo9
2026;;;;1,24;1,03;1,46;1Y5U_iZ4_Bo9
2015;1,00;1,00;1,00;;;;1fWd_GB6_UgS
2016;1,10;0,91;1,02;;;;1fWd_GB6_UgS
2017;1,03;0,73;1,04;;;;1fWd_GB6_UgS
2018;1,03;0,81;1,06;;;0,81;1fWd_GB6_UgS
2019;1,04;;1,05;1,04;1,05;0,47;1fWd_GB6_UgS
2020;;;;;1,06;0,45;1fWd_GB6_UgS
2021;;;;;1,06;0,43;1fWd_GB6_UgS
2022;;;;0,98;1,07;0,42;1fWd_GB6_UgS
2023;;;;;1,08;0,41;1fWd_GB6_UgS
2024;;;;;1,08;0,41;1fWd_GB6_UgS
2025;;;;;1,09;0,41;1fWd_GB6_UgS
2026;;;;1,05;1,10;0,41;1fWd_GB6_UgS
2015;1,00;1,00;1,00;;;;1zh5_cyL_wwJ
2016;1,24;1,28;1,02;;;;1zh5_cyL_wwJ
2017;1,27;1,27;1,04;;;;1zh5_cyL_wwJ
2018;1,29;1,39;1,04;;;1,39;1zh5_cyL_wwJ
2019;1,33;;1,01;1,33;1,01;1,00;1zh5_cyL_wwJ
2020;;;;;1,03;1,00;1zh5_cyL_wwJ
2021;;;;;1,05;1,04;1zh5_cyL_wwJ
2022;;;;1,37;1,07;1,07;1zh5_cyL_wwJ
2023;;;;;1,09;1,09;1zh5_cyL_wwJ
2024;;;;;1,10;1,10;1zh5_cyL_wwJ
2025;;;;;1,12;1,14;1zh5_cyL_wwJ
2026;;;;1,40;1,14;1,20;1zh5_cyL_wwJ
2015;1,00;1,00;1,00;;;;2DdQ_2sz_TeW
2016;1,45;1,18;1,03;;;;2DdQ_2sz_TeW
2017;1,35;1,29;1,05;;;;2DdQ_2sz_TeW
2018;1,43;1,68;1,08;;;1,68;2DdQ_2sz_TeW
2019;1,51;;1,08;1,51;1,08;0,92;2DdQ_2sz_TeW
2020;;;;;1,10;0,94;2DdQ_2sz_TeW
2021;;;;;1,12;0,97;2DdQ_2sz_TeW
2022;;;;1,49;1,14;1,02;2DdQ_2sz_TeW
2023;;;;;1,16;1,08;2DdQ_2sz_TeW
2024;;;;;1,17;1,15;2DdQ_2sz_TeW
2025;;;;;1,19;1,24;2DdQ_2sz_TeW
2026;;;;1,46;1,20;1,33;2DdQ_2sz_TeW
2015;1,00;1,00;1,00;;;;2aQM_AW3_d9N
2016;1,30;1,32;1,02;;;;2aQM_AW3_d9N
2017;1,34;1,42;1,04;;;;2aQM_AW3_d9N
2018;1,44;1,78;1,03;;;1,78;2aQM_AW3_d9N
2019;1,46;;0,98;1,46;0,98;1,26;2aQM_AW3_d9N
2020;;;;;1,00;1,27;2aQM_AW3_d9N
2021;;;;;1,02;1,28;2aQM_AW3_d9N
2022;;;;1,43;1,04;1,30;2aQM_AW3_d9N
2023;;;;;1,06;1,32;2aQM_AW3_d9N
2024;;;;;1,08;1,35;2aQM_AW3_d9N
2025;;;;;1,10;1,39;2aQM_AW3_d9N
2026;;;;1,41;1,12;1,45;2aQM_AW3_d9N
2015;1,00;1,00;1,00;;;;3516_Frj_pxt
2016;1,16;1,01;1,03;;;;3516_Frj_pxt
2017;0,97;0,98;1,05;;;;3516_Frj_pxt
2018;0,83;1,06;1,08;;;1,06;3516_Frj_pxt
2019;0,88;;1,07;0,88;1,07;0,51;3516_Frj_pxt
2020;;;;;1,09;0,51;3516_Frj_pxt
2021;;;;;1,12;0,48;3516_Frj_pxt
2022;;;;0,91;1,14;0,46;3516_Frj_pxt
2023;;;;;1,17;0,44;3516_Frj_pxt
2024;;;;;1,19;0,43;3516_Frj_pxt
2025;;;;;1,20;0,42;3516_Frj_pxt
2026;;;;0,95;1,22;0,42;3516_Frj_pxt
2015;1,00;1,00;1,00;;;;3T3n_grg_tFd
2016;1,09;1,28;1,04;;;;3T3n_grg_tFd
2017;1,10;1,57;1,07;;;;3T3n_grg_tFd
2018;1,10;1,74;1,10;;;1,74;3T3n_grg_tFd
2019;1,10;;1,11;1,10;1,11;1,16;3T3n_grg_tFd
2020;;;;;1,18;1,00;3T3n_grg_tFd
2021;;;;;1,25;0,89;3T3n_grg_tFd
2022;;;;1,13;1,31;0,79;3T3n_grg_tFd
2023;;;;;1,37;0,74;3T3n_grg_tFd
2024;;;;;1,42;0,71;3T3n_grg_tFd
2025;;;;;1,48;0,70;3T3n_grg_tFd
2026;;;;1,16;1,53;0,68;3T3n_grg_tFd
2015;1,00;1,00;1,00;;;;3iVM_3Fr_nKf
2016;1,12;1,15;1,01;;;;3iVM_3Fr_nKf
2017;1,27;1,02;1,02;;;;3iVM_3Fr_nKf
2018;1,16;1,32;1,03;;;1,32;3iVM_3Fr_nKf
2019;1,17;;1,01;1,17;1,01;0,73;3iVM_3Fr_nKf
2020;;;;;1,03;0,72;3iVM_3Fr_nKf
2021;;;;;1,04;0,73;3iVM_3Fr_nKf
2022;;;;1,24;1,06;0,73;3iVM_3Fr_nKf
2023;;;;;1,07;0,74;3iVM_3Fr_nKf
2024;;;;;1,08;0,76;3iVM_3Fr_nKf
2025;;;;;1,09;0,78;3iVM_3Fr_nKf
2026;;;;1,38;1,11;0,81;3iVM_3Fr_nKf
2015;1,00;1,00;1,00;;;;4AC5_wqW_4Wa
2016;1,31;1,26;1,03;;;;4AC5_wqW_4Wa
2017;1,47;1,45;1,05;;;;4AC5_wqW_4Wa
2018;2,28;2,84;1,08;;;2,84;4AC5_wqW_4Wa
2019;2,39;;1,08;2,39;1,08;2,28;4AC5_wqW_4Wa
2020;;;;;1,10;2,18;4AC5_wqW_4Wa
2021;;;;;1,11;2,12;4AC5_wqW_4Wa
2022;;;;2,46;1,13;2,07;4AC5_wqW_4Wa
2023;;;;;1,14;2,05;4AC5_wqW_4Wa
2024;;;;;1,15;2,06;4AC5_wqW_4Wa
2025;;;;;1,17;2,10;4AC5_wqW_4Wa
2026;;;;2,56;1,18;2,16;4AC5_wqW_4Wa
2015;1,00;1,00;1,00;;;;4DTy_LSo_rCN
2016;1,30;1,30;1,04;;;;4DTy_LSo_rCN
2017;1,61;1,30;1,08;;;;4DTy_LSo_rCN
2018;1,74;1,61;1,13;;;1,61;4DTy_LSo_rCN
2019;1,79;;1,15;1,79;1,15;1,25;4DTy_LSo_rCN
2020;;;;;1,20;1,26;4DTy_LSo_rCN
2021;;;;;1,25;1,38;4DTy_LSo_rCN
2022;;;;2,33;1,29;1,49;4DTy_LSo_rCN
2023;;;;;1,32;1,52;4DTy_LSo_rCN
2024;;;;;1,35;1,69;4DTy_LSo_rCN
2025;;;;;1,38;1,77;4DTy_LSo_rCN
2026;;;;3,08;1,40;1,86;4DTy_LSo_rCN
2015;1,00;1,00;1,00;;;;4bxB_tig_Z7j
2016;1,25;1,21;1,03;;;;4bxB_tig_Z7j
2017;1,37;1,22;1,06;;;;4bxB_tig_Z7j
2018;1,51;1,56;1,09;;;1,56;4bxB_tig_Z7j
2019;1,53;;1,10;1,53;1,10;0,99;4bxB_tig_Z7j
2020;;;;;1,12;1,05;4bxB_tig_Z7j
2021;;;;;1,14;1,11;4bxB_tig_Z7j
2022;;;;1,58;1,16;1,18;4bxB_tig_Z7j
2023;;;;;1,18;1,25;4bxB_tig_Z7j
2024;;;;;1,20;1,33;4bxB_tig_Z7j
2025;;;;;1,21;1,42;4bxB_tig_Z7j
2026;;;;1,64;1,22;1,53;4bxB_tig_Z7j
2015;1,00;1,00;1,00;;;;5P83_U4c_PyQ
2016;1,20;1,66;1,02;;;;5P83_U4c_PyQ
2017;1,27;2,10;1,03;;;;5P83_U4c_PyQ
2018;1,35;2,50;1,03;;;2,50;5P83_U4c_PyQ
2019;1,38;;0,99;1,38;0,99;1,69;5P83_U4c_PyQ
2020;;;;;0,99;1,78;5P83_U4c_PyQ
2021;;;;;1,00;1,88;5P83_U4c_PyQ
2022;;;;1,39;1,01;1,95;5P83_U4c_PyQ
2023;;;;;1,01;2,00;5P83_U4c_PyQ
2024;;;;;1,02;2,07;5P83_U4c_PyQ
2025;;;;;1,03;2,16;5P83_U4c_PyQ
2026;;;;1,51;1,04;2,27;5P83_U4c_PyQ
2015;1,00;1,00;1,00;;;;5fat_b9d_Gmi
2016;1,40;1,34;1,04;;;;5fat_b9d_Gmi
2017;1,45;1,53;1,07;;;;5fat_b9d_Gmi
2018;1,58;1,94;1,10;;;1,94;5fat_b9d_Gmi
2019;1,40;;1,11;1,40;1,11;1,22;5fat_b9d_Gmi
2020;;;;;1,17;1,02;5fat_b9d_Gmi
2021;;;;;1,22;0,87;5fat_b9d_Gmi
2022;;;;1,43;1,27;0,76;5fat_b9d_Gmi
2023;;;;;1,32;0,70;5fat_b9d_Gmi
2024;;;;;1,36;0,67;5fat_b9d_Gmi
2025;;;;;1,41;0,64;5fat_b9d_Gmi
2026;;;;1,47;1,45;0,63;5fat_b9d_Gmi
2015;1,00;1,00;1,00;;;;5wtR_Ebt_jjM
2016;1,18;1,18;1,03;;;;5wtR_Ebt_jjM
2017;1,24;1,20;1,03;;;;5wtR_Ebt_jjM
2018;1,30;1,38;1,03;;;1,38;5wtR_Ebt_jjM
2019;1,28;;0,98;1,28;0,98;1,14;5wtR_Ebt_jjM
2020;;;;;0,98;1,16;5wtR_Ebt_jjM
2021;;;;;0,98;1,16;5wtR_Ebt_jjM
2022;;;;1,31;0,99;1,13;5wtR_Ebt_jjM
2023;;;;;0,99;1,12;5wtR_Ebt_jjM
2024;;;;;0,99;1,10;5wtR_Ebt_jjM
2025;;;;;1,00;1,07;5wtR_Ebt_jjM
2026;;;;1,33;1,00;1,03;5wtR_Ebt_jjM
2015;1,00;1,00;1,00;;;;6Yud_68H_9BQ
2016;1,20;1,75;1,02;;;;6Yud_68H_9BQ
2017;1,31;1,85;1,04;;;;6Yud_68H_9BQ
2018;1,41;1,78;1,06;;;1,78;6Yud_68H_9BQ
2019;1,46;;1,04;1,46;1,04;1,35;6Yud_68H_9BQ
2020;;;;;1,05;1,30;6Yud_68H_9BQ
2021;;;;;1,07;1,27;6Yud_68H_9BQ
2022;;;;1,46;1,08;1,26;6Yud_68H_9BQ
2023;;;;;1,08;1,25;6Yud_68H_9BQ
2024;;;;;1,09;1,22;6Yud_68H_9BQ
2025;;;;;1,10;1,20;6Yud_68H_9BQ
2026;;;;1,46;1,11;1,21;6Yud_68H_9BQ
2015;1,00;1,00;1,00;;;;77yo_xQ5_1ML
2016;1,13;1,27;1,04;;;;77yo_xQ5_1ML
2017;1,16;1,15;1,07;;;;77yo_xQ5_1ML
2018;1,16;1,70;1,10;;;1,70;77yo_xQ5_1ML
2019;1,20;;1,11;1,20;1,11;0,80;77yo_xQ5_1ML
2020;;;;;1,14;0,82;77yo_xQ5_1ML
2021;;;;;1,16;0,81;77yo_xQ5_1ML
2022;;;;1,13;1,18;0,81;77yo_xQ5_1ML
2023;;;;;1,20;0,81;77yo_xQ5_1ML
2024;;;;;1,22;0,81;77yo_xQ5_1ML
2025;;;;;1,24;0,79;77yo_xQ5_1ML
2026;;;;1,21;1,25;0,78;77yo_xQ5_1ML
2015;1,00;1,00;1,00;;;;7fRX_dK8_Wzy
2016;1,28;2,46;1,02;;;;7fRX_dK8_Wzy
2017;1,29;3,31;1,04;;;;7fRX_dK8_Wzy
2018;1,31;2,77;1,06;;;2,77;7fRX_dK8_Wzy
2019;1,29;;1,04;1,29;1,04;1,79;7fRX_dK8_Wzy
2020;;;;;1,04;1,91;7fRX_dK8_Wzy
2021;;;;;1,05;1,95;7fRX_dK8_Wzy
2022;;;;1,37;1,05;2,16;7fRX_dK8_Wzy
2023;;;;;1,05;2,19;7fRX_dK8_Wzy
2024;;;;;1,06;2,42;7fRX_dK8_Wzy
2025;;;;;1,06;2,53;7fRX_dK8_Wzy
2026;;;;1,48;1,06;2,69;7fRX_dK8_Wzy
2015;1,00;1,00;1,00;;;;7uaQ_G64_QWN
2016;1,14;1,17;1,04;;;;7uaQ_G64_QWN
2017;1,14;1,29;1,06;;;;7uaQ_G64_QWN
2018;1,15;1,84;1,09;;;1,84;7uaQ_G64_QWN
2019;1,16;;1,10;1,16;1,10;0,93;7uaQ_G64_QWN
2020;;;;;1,17;0,97;7uaQ_G64_QWN
2021;;;;;1,24;0,99;7uaQ_G64_QWN
2022;;;;1,19;1,30;0,99;7uaQ_G64_QWN
2023;;;;;1,36;0,99;7uaQ_G64_QWN
2024;;;;;1,42;0,99;7uaQ_G64_QWN
2025;;;;;1,47;1,00;7uaQ_G64_QWN
2026;;;;1,22;1,52;1,04;7uaQ_G64_QWN
2015;1,00;1,00;1,00;;;;8YxF_HQj_qsT
2016;1,14;1,66;1,04;;;;8YxF_HQj_qsT
2017;1,17;1,87;1,07;;;;8YxF_HQj_qsT
2018;1,19;2,26;1,11;;;2,26;8YxF_HQj_qsT
2019;1,22;;1,13;1,22;1,13;1,67;8YxF_HQj_qsT
2020;;;;;1,17;1,40;8YxF_HQj_qsT
2021;;;;;1,22;1,20;8YxF_HQj_qsT
2022;;;;1,25;1,26;1,03;8YxF_HQj_qsT
2023;;;;;1,29;0,93;8YxF_HQj_qsT
2024;;;;;1,33;0,84;8YxF_HQj_qsT
2025;;;;;1,36;0,78;8YxF_HQj_qsT
2026;;;;1,28;1,39;0,74;8YxF_HQj_qsT
2015;1,00;1,00;1,00;;;;8cNH_Yrn_Eqs
2016;1,23;1,27;1,00;;;;8cNH_Yrn_Eqs
2017;1,24;1,28;1,01;;;;8cNH_Yrn_Eqs
2018;1,26;1,72;1,00;;;1,72;8cNH_Yrn_Eqs
2019;1,20;;0,97;1,20;0,97;1,00;8cNH_Yrn_Eqs
2020;;;;;0,97;1,05;8cNH_Yrn_Eqs
2021;;;;;0,97;1,07;8cNH_Yrn_Eqs
2022;;;;1,23;0,97;1,10;8cNH_Yrn_Eqs
2023;;;;;0,97;1,11;8cNH_Yrn_Eqs
2024;;;;;0,97;1,13;8cNH_Yrn_Eqs
2025;;;;;0,97;1,15;8cNH_Yrn_Eqs
2026;;;;1,21;0,97;1,20;8cNH_Yrn_Eqs
2015;1,00;1,00;1,00;;;;93PW_DJa_ZSr
2016;1,23;1,23;1,01;;;;93PW_DJa_ZSr
2017;1,27;1,33;1,01;;;;93PW_DJa_ZSr
2018;1,20;1,54;1,02;;;1,54;93PW_DJa_ZSr
2019;1,24;;0,99;1,24;0,99;1,09;93PW_DJa_ZSr
2020;;;;;0,99;1,03;93PW_DJa_ZSr
2021;;;;;0,99;1,01;93PW_DJa_ZSr
2022;;;;1,29;1,00;0,99;93PW_DJa_ZSr
2023;;;;;1,00;0,95;93PW_DJa_ZSr
2024;;;;;1,00;0,94;93PW_DJa_ZSr
2025;;;;;1,00;0,90;93PW_DJa_ZSr
2026;;;;1,39;1,01;0,88;93PW_DJa_ZSr
2015;1,00;1,00;1,00;;;;BC2c_cAZ_KHp
2016;1,15;1,19;1,01;;;;BC2c_cAZ_KHp
2017;1,21;1,32;1,03;;;;BC2c_cAZ_KHp
2018;1,27;1,60;1,04;;;1,60;BC2c_cAZ_KHp
2019;1,31;;1,02;1,31;1,02;1,06;BC2c_cAZ_KHp
2020;;;;;1,02;1,07;BC2c_cAZ_KHp
2021;;;;;1,02;1,12;BC2c_cAZ_KHp
2022;;;;0,15;1,03;1,14;BC2c_cAZ_KHp
2023;;;;;1,03;1,19;BC2c_cAZ_KHp
2024;;;;;1,03;1,24;BC2c_cAZ_KHp
2025;;;;;1,03;1,29;BC2c_cAZ_KHp
2026;;;;1,60;1,04;1,33;BC2c_cAZ_KHp
2015;1,00;1,00;1,00;;;;BWyW_6yS_mHp
2016;1,15;1,11;1,00;;;;BWyW_6yS_mHp
2017;1,19;1,11;1,00;;;;BWyW_6yS_mHp
2018;1,16;1,61;1,01;;;1,61;BWyW_6yS_mHp
2019;1,10;;0,99;1,10;0,99;0,91;BWyW_6yS_mHp
2020;;;;;1,00;0,95;BWyW_6yS_mHp
2021;;;;;1,02;0,99;BWyW_6yS_mHp
2022;;;;1,29;1,03;1,03;BWyW_6yS_mHp
2023;;;;;1,04;1,07;BWyW_6yS_mHp
2024;;;;;1,05;1,11;BWyW_6yS_mHp
2025;;;;;1,06;1,15;BWyW_6yS_mHp
2026;;;;1,50;1,07;1,21;BWyW_6yS_mHp
2015;1,00;1,00;1,00;;;;CTTH_kFs_t92
2016;1,30;1,07;1,02;;;;CTTH_kFs_t92
2017;1,42;0,99;1,04;;;;CTTH_kFs_t92
2018;1,43;1,24;1,05;;;1,24;CTTH_kFs_t92
2019;1,40;;1,02;1,40;1,02;0,80;CTTH_kFs_t92
2020;;;;;1,03;0,75;CTTH_kFs_t92
2021;;;;;1,03;0,73;CTTH_kFs_t92
2022;;;;1,49;1,03;0,72;CTTH_kFs_t92
2023;;;;;1,04;0,72;CTTH_kFs_t92
2024;;;;;1,04;0,74;CTTH_kFs_t92
2025;;;;;1,05;0,77;CTTH_kFs_t92
2026;;;;1,61;1,05;0,79;CTTH_kFs_t92
2015;1,00;1,00;1,00;;;;Cgyo_q4d_zmG
2016;1,30;1,29;1,01;;;;Cgyo_q4d_zmG
2017;1,31;1,49;1,02;;;;Cgyo_q4d_zmG
2018;1,34;1,74;1,03;;;1,74;Cgyo_q4d_zmG
2019;1,30;;1,02;1,30;1,02;1,43;Cgyo_q4d_zmG
2020;;;;;1,02;1,22;Cgyo_q4d_zmG
2021;;;;;1,02;1,10;Cgyo_q4d_zmG
2022;;;;1,19;1,02;1,01;Cgyo_q4d_zmG
2023;;;;;1,02;0,95;Cgyo_q4d_zmG
2024;;;;;1,02;0,90;Cgyo_q4d_zmG
2025;;;;;1,03;0,86;Cgyo_q4d_zmG
2026;;;;1,35;1,03;0,83;Cgyo_q4d_zmG
2015;1,00;1,00;1,00;;;;CyyJ_HR6_TUs
2016;1,23;1,13;1,02;;;;CyyJ_HR6_TUs
2017;1,30;1,24;1,04;;;;CyyJ_HR6_TUs
2018;1,35;1,50;1,04;;;1,50;CyyJ_HR6_TUs
2019;1,35;;1,03;1,35;1,03;1,01;CyyJ_HR6_TUs
2020;;;;;1,04;1,06;CyyJ_HR6_TUs
2021;;;;;1,05;1,12;CyyJ_HR6_TUs
2022;;;;1,26;1,05;1,17;CyyJ_HR6_TUs
2023;;;;;1,06;1,21;CyyJ_HR6_TUs
2024;;;;;1,07;1,25;CyyJ_HR6_TUs
2025;;;;;1,08;1,30;CyyJ_HR6_TUs
2026;;;;1,37;1,09;1,33;CyyJ_HR6_TUs
2015;1,00;1,00;1,00;;;;DSZ8_GiW_dVy
2016;1,15;1,23;1,01;;;;DSZ8_GiW_dVy
2017;1,06;1,29;1,02;;;;DSZ8_GiW_dVy
2018;1,22;1,56;1,04;;;1,56;DSZ8_GiW_dVy
2019;1,36;;1,03;1,36;1,03;1,06;DSZ8_GiW_dVy
2020;;;;;1,05;1,09;DSZ8_GiW_dVy
2021;;;;;1,08;1,13;DSZ8_GiW_dVy
2022;;;;1,44;1,10;1,17;DSZ8_GiW_dVy
2023;;;;;1,11;1,21;DSZ8_GiW_dVy
2024;;;;;1,13;1,25;DSZ8_GiW_dVy
2025;;;;;1,15;1,28;DSZ8_GiW_dVy
2026;;;;1,60;1,16;1,32;DSZ8_GiW_dVy
2015;1,00;1,00;1,00;;;;DSsb_UXC_Vwe
2016;1,09;1,38;1,04;;;;DSsb_UXC_Vwe
2017;1,04;1,47;1,07;;;;DSsb_UXC_Vwe
2018;1,03;1,54;1,09;;;1,54;DSsb_UXC_Vwe
2019;1,03;;1,09;1,03;1,09;1,04;DSsb_UXC_Vwe
2020;;;;;1,18;0,91;DSsb_UXC_Vwe
2021;;;;;1,25;0,81;DSsb_UXC_Vwe
2022;;;;1,06;1,32;0,74;DSsb_UXC_Vwe
2023;;;;;1,38;0,68;DSsb_UXC_Vwe
2024;;;;;1,44;0,65;DSsb_UXC_Vwe
2025;;;;;1,50;0,62;DSsb_UXC_Vwe
2026;;;;1,09;1,55;0,60;DSsb_UXC_Vwe
2015;1,00;1,00;1,00;;;;DVKZ_GV9_rho
2016;1,00;1,00;1,04;;;;DVKZ_GV9_rho
2017;0,90;0,87;1,07;;;;DVKZ_GV9_rho
2018;0,91;0,91;1,09;;;0,91;DVKZ_GV9_rho
2019;0,78;;1,09;0,78;1,09;0,37;DVKZ_GV9_rho
2020;;;;;1,15;0,42;DVKZ_GV9_rho
2021;;;;;1,21;0,43;DVKZ_GV9_rho
2022;;;;0,80;1,25;0,45;DVKZ_GV9_rho
2023;;;;;1,30;0,45;DVKZ_GV9_rho
2024;;;;;1,33;0,44;DVKZ_GV9_rho
2025;;;;;1,37;0,43;DVKZ_GV9_rho
2026;;;;0,83;1,40;0,43;DVKZ_GV9_rho
2015;1,00;1,00;1,00;;;;DdRN_T3x_MBg
2016;1,43;1,47;1,02;;;;DdRN_T3x_MBg
2017;1,72;1,74;1,04;;;;DdRN_T3x_MBg
2018;1,79;2,20;1,04;;;2,20;DdRN_T3x_MBg
2019;1,82;;1,00;1,82;1,00;1,60;DdRN_T3x_MBg
2020;;;;;1,01;1,64;DdRN_T3x_MBg
2021;;;;;1,03;1,69;DdRN_T3x_MBg
2022;;;;1,78;1,04;1,72;DdRN_T3x_MBg
2023;;;;;1,05;1,76;DdRN_T3x_MBg
2024;;;;;1,07;1,80;DdRN_T3x_MBg
2025;;;;;1,08;1,83;DdRN_T3x_MBg
2026;;;;1,76;1,10;1,89;DdRN_T3x_MBg
2015;1,00;1,00;1,00;;;;DoEj_A7C_hG4
2016;1,17;1,12;1,01;;;;DoEj_A7C_hG4
2017;1,16;0,93;1,01;;;;DoEj_A7C_hG4
2018;1,19;1,17;1,01;;;1,17;DoEj_A7C_hG4
2019;1,06;;0,98;1,06;0,98;0,69;DoEj_A7C_hG4
2020;;;;;0,98;0,66;DoEj_A7C_hG4
2021;;;;;0,98;0,65;DoEj_A7C_hG4
2022;;;;1,10;0,98;0,63;DoEj_A7C_hG4
2023;;;;;0,99;0,63;DoEj_A7C_hG4
2024;;;;;0,99;0,63;DoEj_A7C_hG4
2025;;;;;0,99;0,63;DoEj_A7C_hG4
2026;;;;1,19;1,00;0,65;DoEj_A7C_hG4
2015;1,00;1,00;1,00;;;;DrhD_263_rSc
2016;1,26;1,23;1,02;;;;DrhD_263_rSc
2017;1,30;1,36;1,03;;;;DrhD_263_rSc
2018;1,32;1,68;1,04;;;1,68;DrhD_263_rSc
2019;1,35;;1,02;1,35;1,02;1,18;DrhD_263_rSc
2020;;;;;1,04;1,10;DrhD_263_rSc
2021;;;;;1,05;1,05;DrhD_263_rSc
2022;;;;1,40;1,07;1,02;DrhD_263_rSc
2023;;;;;1,08;1,01;DrhD_263_rSc
2024;;;;;1,10;1,00;DrhD_263_rSc
2025;;;;;1,12;0,99;DrhD_263_rSc
2026;;;;1,43;1,13;0,99;DrhD_263_rSc
2015;1,00;1,00;1,00;;;;E3mo_LoH_JaN
2016;1,15;1,34;1,02;;;;E3mo_LoH_JaN
2017;1,21;1,17;1,04;;;;E3mo_LoH_JaN
2018;1,27;1,30;1,06;;;1,30;E3mo_LoH_JaN
2019;1,28;;1,06;1,28;1,06;0,84;E3mo_LoH_JaN
2020;;;;;1,04;0,89;E3mo_LoH_JaN
2021;;;;;1,07;0,90;E3mo_LoH_JaN
2022;;;;1,36;1,10;0,95;E3mo_LoH_JaN
2023;;;;;1,12;0,96;E3mo_LoH_JaN
2024;;;;;1,14;0,99;E3mo_LoH_JaN
2025;;;;;1,16;1,04;E3mo_LoH_JaN
2026;;;;1,53;1,18;1,10;E3mo_LoH_JaN
2015;1,00;1,00;1,00;;;;EB3a_Mx4_nUr
2016;0,99;1,12;1,01;;;;EB3a_Mx4_nUr
2017;0,96;1,02;1,02;;;;EB3a_Mx4_nUr
2018;1,06;1,47;1,03;;;1,47;EB3a_Mx4_nUr
2019;1,03;;1,00;1,03;1,00;0,77;EB3a_Mx4_nUr
2020;;;;;1,00;0,87;EB3a_Mx4_nUr
2021;;;;;1,00;0,95;EB3a_Mx4_nUr
2022;;;;1,05;1,01;1,02;EB3a_Mx4_nUr
2023;;;;;1,01;1,07;EB3a_Mx4_nUr
2024;;;;;1,02;1,13;EB3a_Mx4_nUr
2025;;;;;1,02;1,17;EB3a_Mx4_nUr
2026;;;;1,04;1,03;1,20;EB3a_Mx4_nUr
2015;1,00;1,00;1,00;;;;ES2d_RDA_JHj
2016;1,29;1,27;1,02;;;;ES2d_RDA_JHj
2017;1,44;1,58;1,03;;;;ES2d_RDA_JHj
2018;2,13;3,58;1,06;;;3,58;ES2d_RDA_JHj
2019;2,28;;1,07;2,28;1,07;2,49;ES2d_RDA_JHj
2020;;;;;1,09;2,68;ES2d_RDA_JHj
2021;;;;;1,10;2,87;ES2d_RDA_JHj
2022;;;;2,58;1,12;3,03;ES2d_RDA_JHj
2023;;;;;1,13;3,23;ES2d_RDA_JHj
2024;;;;;1,15;3,47;ES2d_RDA_JHj
2025;;;;;1,16;3,72;ES2d_RDA_JHj
2026;;;;3,08;1,17;3,96;ES2d_RDA_JHj
2015;1,00;1,00;1,00;;;;En1d_1Gi_bDt
2016;1,29;1,35;1,02;;;;En1d_1Gi_bDt
2017;1,38;1,48;1,04;;;;En1d_1Gi_bDt
2018;1,45;1,78;1,04;;;1,78;En1d_1Gi_bDt
2019;1,47;;1,02;1,47;1,02;1,14;En1d_1Gi_bDt
2020;;;;;1,03;1,19;En1d_1Gi_bDt
2021;;;;;1,03;1,21;En1d_1Gi_bDt
2022;;;;1,56;1,03;1,24;En1d_1Gi_bDt
2023;;;;;1,03;1,25;En1d_1Gi_bDt
2024;;;;;1,04;1,27;En1d_1Gi_bDt
2025;;;;;1,04;1,28;En1d_1Gi_bDt
2026;;;;1,69;1,04;1,29;En1d_1Gi_bDt
2015;1,00;1,00;1,00;;;;FEMT_Vnb_RyH
2016;1,15;1,30;1,03;;;;FEMT_Vnb_RyH
2017;1,22;1,40;1,05;;;;FEMT_Vnb_RyH
2018;1,28;1,70;1,07;;;1,70;FEMT_Vnb_RyH
2019;1,32;;1,08;1,32;1,08;0,99;FEMT_Vnb_RyH
2020;;;;;1,11;0,98;FEMT_Vnb_RyH
2021;;;;;1,14;0,95;FEMT_Vnb_RyH
2022;;;;1,35;1,17;0,94;FEMT_Vnb_RyH
2023;;;;;1,19;0,92;FEMT_Vnb_RyH
2024;;;;;1,21;0,90;FEMT_Vnb_RyH
2025;;;;;1,24;0,89;FEMT_Vnb_RyH
2026;;;;1,39;1,26;0,89;FEMT_Vnb_RyH
2015;1,00;1,00;1,00;;;;FTCs_tMo_2Pr
2016;1,26;1,43;1,02;;;;FTCs_tMo_2Pr
2017;1,31;1,65;1,04;;;;FTCs_tMo_2Pr
2018;1,37;1,97;1,05;;;1,97;FTCs_tMo_2Pr
2019;1,49;;1,02;1,49;1,02;1,43;FTCs_tMo_2Pr
2020;;;;;1,02;1,27;FTCs_tMo_2Pr
2021;;;;;1,03;1,15;FTCs_tMo_2Pr
2022;;;;1,85;1,04;1,09;FTCs_tMo_2Pr
2023;;;;;1,04;1,05;FTCs_tMo_2Pr
2024;;;;;1,05;1,03;FTCs_tMo_2Pr
2025;;;;;1,06;1,01;FTCs_tMo_2Pr
2026;;;;2,05;1,07;1,00;FTCs_tMo_2Pr
2015;1,00;1,00;1,00;;;;Ffqb_8Mq_Yth
2016;1,31;1,30;1,01;;;;Ffqb_8Mq_Yth
2017;1,40;1,18;1,02;;;;Ffqb_8Mq_Yth
2018;1,48;1,52;1,03;;;1,52;Ffqb_8Mq_Yth
2019;1,50;;1,00;1,50;1,00;0,95;Ffqb_8Mq_Yth
2020;;;;;1,01;0,95;Ffqb_8Mq_Yth
2021;;;;;1,02;0,94;Ffqb_8Mq_Yth
2022;;;;1,59;1,04;0,94;Ffqb_8Mq_Yth
2023;;;;;1,05;0,96;Ffqb_8Mq_Yth
2024;;;;;1,06;0,99;Ffqb_8Mq_Yth
2025;;;;;1,07;1,03;Ffqb_8Mq_Yth
2026;;;;1,72;1,09;1,07;Ffqb_8Mq_Yth
2015;1,00;1,00;1,00;;;;GMJ4_pEJ_BX1
2016;1,39;1,41;1,02;;;;GMJ4_pEJ_BX1
2017;1,56;1,60;1,03;;;;GMJ4_pEJ_BX1
2018;1,71;1,97;1,04;;;1,97;GMJ4_pEJ_BX1
2019;1,75;;1,01;1,75;1,01;1,30;GMJ4_pEJ_BX1
2020;;;;;1,02;1,34;GMJ4_pEJ_BX1
2021;;;;;1,03;1,37;GMJ4_pEJ_BX1
2022;;;;1,83;1,05;1,39;GMJ4_pEJ_BX1
2023;;;;;1,06;1,41;GMJ4_pEJ_BX1
2024;;;;;1,08;1,46;GMJ4_pEJ_BX1
2025;;;;;1,09;1,50;GMJ4_pEJ_BX1
2026;;;;1,87;1,11;1,55;GMJ4_pEJ_BX1
2015;1,00;1,00;1,00;;;;GNqK_MvC_jPi
2016;1,16;1,50;1,02;;;;GNqK_MvC_jPi
2017;1,16;1,63;1,03;;;;GNqK_MvC_jPi
2018;1,20;1,98;1,05;;;1,98;GNqK_MvC_jPi
2019;1,18;;1,05;1,18;1,05;1,07;GNqK_MvC_jPi
2020;;;;;1,08;0,98;GNqK_MvC_jPi
2021;;;;;1,11;0,94;GNqK_MvC_jPi
2022;;;;1,26;1,14;0,92;GNqK_MvC_jPi
2023;;;;;1,16;0,91;GNqK_MvC_jPi
2024;;;;;1,19;0,91;GNqK_MvC_jPi
2025;;;;;1,21;0,91;GNqK_MvC_jPi
2026;;;;1,37;1,23;0,91;GNqK_MvC_jPi
2015;1,00;1,00;1,00;;;;GWv6_oua_bkS
2016;1,13;1,33;1,02;;;;GWv6_oua_bkS
2017;1,15;1,40;1,03;;;;GWv6_oua_bkS
2018;1,13;1,63;1,03;;;1,63;GWv6_oua_bkS
2019;1,12;;1,01;1,12;1,01;1,12;GWv6_oua_bkS
2020;;;;;1,03;1,09;GWv6_oua_bkS
2021;;;;;1,06;1,09;GWv6_oua_bkS
2022;;;;1,14;1,08;1,09;GWv6_oua_bkS
2023;;;;;1,10;1,09;GWv6_oua_bkS
2024;;;;;1,12;1,10;GWv6_oua_bkS
2025;;;;;1,14;1,10;GWv6_oua_bkS
2026;;;;1,17;1,16;1,11;GWv6_oua_bkS
;;;;;;;GWv6_oua_bkS
2015;1,00;1,00;1,00;;;;GZZi_XH9_9uE
2016;1,23;1,36;1,02;;;;GZZi_XH9_9uE
2017;1,32;1,70;1,04;;;;GZZi_XH9_9uE
2018;1,43;2,02;1,05;;;2,02;GZZi_XH9_9uE
2019;1,46;;1,04;1,46;1,04;1,15;GZZi_XH9_9uE
2020;;;;;1,06;1,16;GZZi_XH9_9uE
2021;;;;;1,07;1,15;GZZi_XH9_9uE
2022;;;;1,38;1,08;1,20;GZZi_XH9_9uE
2023;;;;;1,10;1,18;GZZi_XH9_9uE
2024;;;;;1,11;1,20;GZZi_XH9_9uE
2025;;;;;1,12;1,23;GZZi_XH9_9uE
2026;;;;1,48;1,13;1,32;GZZi_XH9_9uE
2015;1,00;1,00;1,00;;;;GiLv_4So_VMn
2016;1,28;1,20;1,02;;;;GiLv_4So_VMn
2017;1,18;1,13;1,03;;;;GiLv_4So_VMn
2018;1,22;1,17;1,03;;;1,17;GiLv_4So_VMn
2019;1,27;;1,01;1,27;1,01;0,85;GiLv_4So_VMn
2020;;;;;1,02;0,79;GiLv_4So_VMn
2021;;;;;1,04;0,75;GiLv_4So_VMn
2022;;;;1,30;1,06;0,72;GiLv_4So_VMn
2023;;;;;1,08;0,70;GiLv_4So_VMn
2024;;;;;1,10;0,66;GiLv_4So_VMn
2025;;;;;1,12;0,65;GiLv_4So_VMn
2026;;;;1,32;1,14;0,64;GiLv_4So_VMn
2015;1,00;1,00;1,00;;;;HJq2_uDd_kHz
2016;1,22;1,34;1,02;;;;HJq2_uDd_kHz
2017;1,33;1,22;1,03;;;;HJq2_uDd_kHz
2018;1,47;1,78;1,04;;;1,78;HJq2_uDd_kHz
2019;1,60;;1,02;1,60;1,02;1,38;HJq2_uDd_kHz
2020;;;;;1,02;1,50;HJq2_uDd_kHz
2021;;;;;1,02;1,43;HJq2_uDd_kHz
2022;;;;1,67;1,03;1,57;HJq2_uDd_kHz
2023;;;;;1,03;1,64;HJq2_uDd_kHz
2024;;;;;1,04;1,74;HJq2_uDd_kHz
2025;;;;;1,04;1,82;HJq2_uDd_kHz
2026;;;;1,85;1,04;1,89;HJq2_uDd_kHz
2015;1,00;1,00;1,00;;;;HW7M_D44_Mc8
2016;1,18;1,26;1,03;;;;HW7M_D44_Mc8
2017;1,19;1,69;1,06;;;;HW7M_D44_Mc8
2018;1,20;1,76;1,09;;;1,76;HW7M_D44_Mc8
2019;1,20;;1,11;1,20;1,11;1,34;HW7M_D44_Mc8
2020;;;;;1,14;1,13;HW7M_D44_Mc8
2021;;;;;1,17;1,02;HW7M_D44_Mc8
2022;;;;1,23;1,20;0,94;HW7M_D44_Mc8
2023;;;;;1,23;0,88;HW7M_D44_Mc8
2024;;;;;1,25;0,88;HW7M_D44_Mc8
2025;;;;;1,28;0,90;HW7M_D44_Mc8
2026;;;;1,27;1,30;0,92;HW7M_D44_Mc8
2015;1,00;1,00;1,00;;;;HqMb_sub_xja
2016;1,27;1,36;1,01;;;;HqMb_sub_xja
2017;1,24;1,17;1,02;;;;HqMb_sub_xja
2018;1,24;1,39;1,03;;;1,39;HqMb_sub_xja
2019;1,17;;1,01;1,17;1,01;0,72;HqMb_sub_xja
2020;;;;;1,00;0,70;HqMb_sub_xja
2021;;;;;1,00;0,67;HqMb_sub_xja
2022;;;;1,21;1,00;0,65;HqMb_sub_xja
2023;;;;;1,00;0,64;HqMb_sub_xja
2024;;;;;1,00;0,63;HqMb_sub_xja
2025;;;;;1,00;0,62;HqMb_sub_xja
2026;;;;1,26;1,00;0,61;HqMb_sub_xja
2015;1,00;1,00;1,00;;;;JPjb_g3k_HrX
2016;1,11;1,47;1,02;;;;JPjb_g3k_HrX
2017;1,34;1,36;1,04;;;;JPjb_g3k_HrX
2018;1,23;1,83;1,07;;;1,83;JPjb_g3k_HrX
2019;0,92;;1,08;0,92;1,08;0,78;JPjb_g3k_HrX
2020;;;;;1,09;0,79;JPjb_g3k_HrX
2021;;;;;1,11;0,80;JPjb_g3k_HrX
2022;;;;0,97;1,12;0,81;JPjb_g3k_HrX
2023;;;;;1,14;0,83;JPjb_g3k_HrX
2024;;;;;1,15;0,85;JPjb_g3k_HrX
2025;;;;;1,16;0,89;JPjb_g3k_HrX
2026;;;;1,08;1,17;0,93;JPjb_g3k_HrX
2015;1,00;1,00;1,00;;;;KkZg_TxT_joU
2016;1,39;1,06;1,02;;;;KkZg_TxT_joU
2017;1,43;1,16;1,03;;;;KkZg_TxT_joU
2018;1,42;1,08;1,03;;;1,08;KkZg_TxT_joU
2019;1,42;;1,00;1,42;1,00;0,60;KkZg_TxT_joU
2020;;;;;1,01;0,52;KkZg_TxT_joU
2021;;;;;1,02;0,46;KkZg_TxT_joU
2022;;;;1,45;1,03;0,41;KkZg_TxT_joU
2023;;;;;1,04;0,38;KkZg_TxT_joU
2024;;;;;1,05;0,35;KkZg_TxT_joU
2025;;;;;1,06;0,33;KkZg_TxT_joU
2026;;;;1,47;1,07;0,31;KkZg_TxT_joU
2015;1,00;1,00;1,00;;;;L6QF_64t_1KJ
2016;1,14;1,14;1,01;;;;L6QF_64t_1KJ
2017;1,33;1,19;1,02;;;;L6QF_64t_1KJ
2018;1,49;1,65;1,02;;;1,65;L6QF_64t_1KJ
2019;1,27;;0,99;1,27;0,99;0,90;L6QF_64t_1KJ
2020;;;;;0,99;0,98;L6QF_64t_1KJ
2021;;;;;1,00;1,04;L6QF_64t_1KJ
2022;;;;1,30;1,01;1,09;L6QF_64t_1KJ
2023;;;;;1,02;1,13;L6QF_64t_1KJ
2024;;;;;1,03;1,18;L6QF_64t_1KJ
2025;;;;;1,04;1,22;L6QF_64t_1KJ
2026;;;;1,28;1,05;1,27;L6QF_64t_1KJ
2015;1,00;1,00;1,00;;;;LzqJ_TN3_sg4
2016;1,12;1,54;1,03;;;;LzqJ_TN3_sg4
2017;1,13;1,68;1,07;;;;LzqJ_TN3_sg4
2018;1,15;2,05;1,10;;;2,05;LzqJ_TN3_sg4
2019;1,14;;1,12;1,14;1,12;1,54;LzqJ_TN3_sg4
2020;;;;;1,16;1,37;LzqJ_TN3_sg4
2021;;;;;1,20;1,27;LzqJ_TN3_sg4
2022;;;;1,17;1,24;1,19;LzqJ_TN3_sg4
2023;;;;;1,27;1,14;LzqJ_TN3_sg4
2024;;;;;1,31;1,11;LzqJ_TN3_sg4
2025;;;;;1,34;1,09;LzqJ_TN3_sg4
2026;;;;1,20;1,37;1,10;LzqJ_TN3_sg4
2015;1,00;1,00;1,00;;;;MKSQ_gEQ_m1j
2016;1,17;1,30;1,01;;;;MKSQ_gEQ_m1j
2017;1,18;1,19;1,02;;;;MKSQ_gEQ_m1j
2018;1,23;1,59;1,02;;;1,59;MKSQ_gEQ_m1j
2019;1,24;;1,00;1,24;1,00;0,95;MKSQ_gEQ_m1j
2020;;;;;1,00;1,03;MKSQ_gEQ_m1j
2021;;;;;1,00;1,09;MKSQ_gEQ_m1j
2022;;;;1,21;1,01;1,14;MKSQ_gEQ_m1j
2023;;;;;1,01;1,19;MKSQ_gEQ_m1j
2024;;;;;1,01;1,23;MKSQ_gEQ_m1j
2025;;;;;1,02;1,27;MKSQ_gEQ_m1j
2026;;;;1,20;1,02;1,32;MKSQ_gEQ_m1j
2015;1,00;1,00;1,00;;;;MgRC_h2W_c6j
2016;1,24;1,30;1,03;;;;MgRC_h2W_c6j
2017;1,40;1,26;1,06;;;;MgRC_h2W_c6j
2018;1,59;2,00;1,09;;;2,00;MgRC_h2W_c6j
2019;1,64;;1,10;1,64;1,10;1,20;MgRC_h2W_c6j
2020;;;;;1,09;1,21;MgRC_h2W_c6j
2021;;;;;1,10;1,23;MgRC_h2W_c6j
2022;;;;1,74;1,11;1,23;MgRC_h2W_c6j
2023;;;;;1,13;1,29;MgRC_h2W_c6j
2024;;;;;1,14;1,33;MgRC_h2W_c6j
2025;;;;;1,14;1,37;MgRC_h2W_c6j
2026;;;;1,95;1,15;1,40;MgRC_h2W_c6j
2015;1,00;1,00;1,00;;;;PGAK_wkQ_dLR
2016;1,27;1,24;1,03;;;;PGAK_wkQ_dLR
2017;1,29;1,14;1,05;;;;PGAK_wkQ_dLR
2018;1,18;1,34;1,05;;;1,34;PGAK_wkQ_dLR
2019;1,03;;1,01;1,03;1,01;0,72;PGAK_wkQ_dLR
2020;;;;;1,01;0,71;PGAK_wkQ_dLR
2021;;;;;1,01;0,72;PGAK_wkQ_dLR
2022;;;;1,01;1,02;0,72;PGAK_wkQ_dLR
2023;;;;;1,03;0,72;PGAK_wkQ_dLR
2024;;;;;1,05;0,72;PGAK_wkQ_dLR
2025;;;;;1,06;0,75;PGAK_wkQ_dLR
2026;;;;1,00;1,07;0,75;PGAK_wkQ_dLR
2015;1,00;1,00;1,00;;;;PrsF_Zzs_oDm
2016;1,28;1,30;1,02;;;;PrsF_Zzs_oDm
2017;1,32;1,18;1,03;;;;PrsF_Zzs_oDm
2018;1,38;1,44;1,04;;;1,44;PrsF_Zzs_oDm
2019;1,41;;1,02;1,41;1,02;0,87;PrsF_Zzs_oDm
2020;;;;;1,03;0,92;PrsF_Zzs_oDm
2021;;;;;1,03;0,94;PrsF_Zzs_oDm
2022;;;;1,50;1,04;0,96;PrsF_Zzs_oDm
2023;;;;;1,05;0,98;PrsF_Zzs_oDm
2024;;;;;1,06;1,00;PrsF_Zzs_oDm
2025;;;;;1,07;1,00;PrsF_Zzs_oDm
2026;;;;1,62;1,08;1,01;PrsF_Zzs_oDm
2015;1,00;1,00;1,00;;;;PxkD_cnW_vHR
2016;1,27;1,30;1,01;;;;PxkD_cnW_vHR
2017;1,47;1,50;1,03;;;;PxkD_cnW_vHR
2018;1,61;1,66;1,04;;;1,66;PxkD_cnW_vHR
2019;1,67;;1,02;1,67;1,02;0,99;PxkD_cnW_vHR
2020;;;;;1,03;0,95;PxkD_cnW_vHR
2021;;;;;1,03;0,93;PxkD_cnW_vHR
2022;;;;1,77;1,04;0,90;PxkD_cnW_vHR
2023;;;;;1,04;0,87;PxkD_cnW_vHR
2024;;;;;1,05;0,88;PxkD_cnW_vHR
2025;;;;;1,05;0,88;PxkD_cnW_vHR
2026;;;;1,96;1,05;0,90;PxkD_cnW_vHR
2015;1,00;1,00;1,00;;;;Py3S_F4Y_QSt
2016;1,21;1,19;1,03;;;;Py3S_F4Y_QSt
2017;1,34;1,22;1,05;;;;Py3S_F4Y_QSt
2018;1,36;1,52;1,04;;;1,52;Py3S_F4Y_QSt
2019;1,39;;0,99;1,39;0,99;1,02;Py3S_F4Y_QSt
2020;;;;;1,03;1,06;Py3S_F4Y_QSt
2021;;;;;1,08;1,11;Py3S_F4Y_QSt
2022;;;;1,36;1,12;1,15;Py3S_F4Y_QSt
2023;;;;;1,16;1,20;Py3S_F4Y_QSt
2024;;;;;1,21;1,24;Py3S_F4Y_QSt
2025;;;;;1,25;1,28;Py3S_F4Y_QSt
2026;;;;1,34;1,29;1,33;Py3S_F4Y_QSt
2015;1,00;1,00;1,00;;;;Q5mT_Q8b_3nq
2016;1,24;1,12;1,02;;;;Q5mT_Q8b_3nq
2017;1,34;1,01;1,04;;;;Q5mT_Q8b_3nq
2018;1,39;1,17;1,06;;;1,17;Q5mT_Q8b_3nq
2019;1,32;;1,05;1,32;1,05;0,70;Q5mT_Q8b_3nq
2020;;;;;1,05;0,65;Q5mT_Q8b_3nq
2021;;;;;1,06;0,61;Q5mT_Q8b_3nq
2022;;;;1,40;1,07;0,60;Q5mT_Q8b_3nq
2023;;;;;1,08;0,60;Q5mT_Q8b_3nq
2024;;;;;1,08;0,61;Q5mT_Q8b_3nq
2025;;;;;1,09;0,63;Q5mT_Q8b_3nq
2026;;;;1,52;1,10;0,64;Q5mT_Q8b_3nq
2015;1,00;1,00;1,00;;;;QHvc_BH7_Sp8
2016;1,41;1,59;1,02;;;;QHvc_BH7_Sp8
2017;1,35;1,88;1,04;;;;QHvc_BH7_Sp8
2018;1,17;1,87;1,06;;;1,87;QHvc_BH7_Sp8
2019;1,07;;1,06;1,07;1,06;1,32;QHvc_BH7_Sp8
2020;;;;;1,08;1,25;QHvc_BH7_Sp8
2021;;;;;1,11;1,22;QHvc_BH7_Sp8
2022;;;;1,09;1,13;1,19;QHvc_BH7_Sp8
2023;;;;;1,15;1,20;QHvc_BH7_Sp8
2024;;;;;1,17;1,21;QHvc_BH7_Sp8
2025;;;;;1,19;1,22;QHvc_BH7_Sp8
2026;;;;1,12;1,21;1,25;QHvc_BH7_Sp8
2015;1,00;1,00;1,00;;;;QQti_mfk_g16
2016;1,11;1,08;1,03;;;;QQti_mfk_g16
2017;1,09;1,06;1,04;;;;QQti_mfk_g16
2018;1,10;1,26;1,06;;;1,26;QQti_mfk_g16
2019;1,07;;1,05;1,07;1,05;0,65;QQti_mfk_g16
2020;;;;;1,09;0,63;QQti_mfk_g16
2021;;;;;1,12;0,62;QQti_mfk_g16
2022;;;;1,11;1,14;0,63;QQti_mfk_g16
2023;;;;;1,17;0,63;QQti_mfk_g16
2024;;;;;1,19;0,64;QQti_mfk_g16
2025;;;;;1,21;0,64;QQti_mfk_g16
2026;;;;1,15;1,23;0,63;QQti_mfk_g16
2015;1,00;1,00;1,00;;;;QmjT_Yv9_HKV
2016;1,14;1,44;1,03;;;;QmjT_Yv9_HKV
2017;1,19;1,58;1,05;;;;QmjT_Yv9_HKV
2018;1,18;1,82;1,09;;;1,82;QmjT_Yv9_HKV
2019;1,21;;1,10;1,21;1,10;1,39;QmjT_Yv9_HKV
2020;;;;;1,13;1,27;QmjT_Yv9_HKV
2021;;;;;1,16;1,20;QmjT_Yv9_HKV
2022;;;;1,24;1,18;1,13;QmjT_Yv9_HKV
2023;;;;;1,21;1,07;QmjT_Yv9_HKV
2024;;;;;1,23;1,03;QmjT_Yv9_HKV
2025;;;;;1,26;1,01;QmjT_Yv9_HKV
2026;;;;1,28;1,28;0,99;QmjT_Yv9_HKV
2015;1,00;1,00;1,00;;;;QqEt_kyc_L55
2016;1,25;1,37;1,01;;;;QqEt_kyc_L55
2017;1,31;1,32;1,02;;;;QqEt_kyc_L55
2018;1,28;1,54;1,02;;;1,54;QqEt_kyc_L55
2019;1,24;;1,00;1,24;1,00;1,13;QqEt_kyc_L55
2020;;;;;1,00;1,17;QqEt_kyc_L55
2021;;;;;1,00;1,20;QqEt_kyc_L55
2022;;;;1,27;1,00;1,24;QqEt_kyc_L55
2023;;;;;1,00;1,24;QqEt_kyc_L55
2024;;;;;1,00;1,28;QqEt_kyc_L55
2025;;;;;1,01;1,32;QqEt_kyc_L55
2026;;;;1,25;1,01;1,38;QqEt_kyc_L55
2015;1,00;1,00;1,00;;;;Riv5_aAZ_zLy
2016;1,22;1,23;1,01;;;;Riv5_aAZ_zLy
2017;1,28;1,27;1,02;;;;Riv5_aAZ_zLy
2018;1,30;1,62;1,03;;;1,62;Riv5_aAZ_zLy
2019;1,27;;1,01;1,27;1,01;0,96;Riv5_aAZ_zLy
2020;;;;;1,01;0,99;Riv5_aAZ_zLy
2021;;;;;1,01;1,02;Riv5_aAZ_zLy
2022;;;;1,25;1,02;1,05;Riv5_aAZ_zLy
2023;;;;;1,02;1,09;Riv5_aAZ_zLy
2024;;;;;1,03;1,14;Riv5_aAZ_zLy
2025;;;;;1,03;1,20;Riv5_aAZ_zLy
2026;;;;1,23;1,04;1,27;Riv5_aAZ_zLy
2015;1,00;1,00;1,00;;;;Rs92_7cd_uYU
2016;1,14;1,88;1,03;;;;Rs92_7cd_uYU
2017;1,18;1,96;1,06;;;;Rs92_7cd_uYU
2018;1,26;2,21;1,09;;;2,21;Rs92_7cd_uYU
2019;1,26;;1,11;1,26;1,11;1,57;Rs92_7cd_uYU
2020;;;;;1,13;1,09;Rs92_7cd_uYU
2021;;;;;1,15;0,85;Rs92_7cd_uYU
2022;;;;1,29;1,17;0,72;Rs92_7cd_uYU
2023;;;;;1,19;0,65;Rs92_7cd_uYU
2024;;;;;1,21;0,61;Rs92_7cd_uYU
2025;;;;;1,23;0,58;Rs92_7cd_uYU
2026;;;;1,33;1,25;0,56;Rs92_7cd_uYU
2015;1,00;1,00;1,00;;;;RyZZ_pTw_AvW
2016;1,12;1,28;1,02;;;;RyZZ_pTw_AvW
2017;1,45;1,42;1,04;;;;RyZZ_pTw_AvW
2018;1,38;1,88;1,07;;;1,88;RyZZ_pTw_AvW
2019;1,23;;1,08;1,23;1,08;1,06;RyZZ_pTw_AvW
2020;;;;;1,11;1,04;RyZZ_pTw_AvW
2021;;;;;1,13;1,04;RyZZ_pTw_AvW
2022;;;;1,30;1,16;1,05;RyZZ_pTw_AvW
2023;;;;;1,18;1,07;RyZZ_pTw_AvW
2024;;;;;1,19;1,11;RyZZ_pTw_AvW
2025;;;;;1,21;1,14;RyZZ_pTw_AvW
2026;;;;1,45;1,23;1,19;RyZZ_pTw_AvW
2015;1,00;1,00;1,00;;;;Ss2u_ULt_5PK
2016;1,20;1,13;1,01;;;;Ss2u_ULt_5PK
2017;1,22;1,15;1,02;;;;Ss2u_ULt_5PK
2018;1,28;1,28;1,02;;;1,28;Ss2u_ULt_5PK
2019;1,31;;1,01;1,31;1,01;0,79;Ss2u_ULt_5PK
2020;;;;;1,02;0,79;Ss2u_ULt_5PK
2021;;;;;1,04;0,80;Ss2u_ULt_5PK
2022;;;;1,35;1,05;0,81;Ss2u_ULt_5PK
2023;;;;;1,06;0,81;Ss2u_ULt_5PK
2024;;;;;1,08;0,82;Ss2u_ULt_5PK
2025;;;;;1,09;0,83;Ss2u_ULt_5PK
2026;;;;1,40;1,10;0,84;Ss2u_ULt_5PK
2015;1,00;1,00;1,00;;;;Svnq_iQA_9U5
2016;1,16;1,45;1,00;;;;Svnq_iQA_9U5
2017;1,17;1,40;1,00;;;;Svnq_iQA_9U5
2018;1,21;2,01;0,99;;;2,01;Svnq_iQA_9U5
2019;1,27;;0,95;1,27;0,95;1,07;Svnq_iQA_9U5
2020;;;;;0,96;1,10;Svnq_iQA_9U5
2021;;;;;0,97;1,10;Svnq_iQA_9U5
2022;;;;1,32;0,97;1,10;Svnq_iQA_9U5
2023;;;;;0,98;1,11;Svnq_iQA_9U5
2024;;;;;0,99;1,11;Svnq_iQA_9U5
2025;;;;;0,99;1,16;Svnq_iQA_9U5
2026;;;;1,42;1,00;1,20;Svnq_iQA_9U5
2015;1,00;1,00;1,00;;;;SyvN_uBW_USt
2016;1,35;1,51;1,02;;;;SyvN_uBW_USt
2017;1,35;1,11;1,04;;;;SyvN_uBW_USt
2018;1,50;1,23;1,06;;;1,23;SyvN_uBW_USt
2019;1,30;;1,05;1,30;1,05;0,94;SyvN_uBW_USt
2020;;;;;1,06;0,98;SyvN_uBW_USt
2021;;;;;1,07;1,03;SyvN_uBW_USt
2022;;;;1,36;1,08;1,08;SyvN_uBW_USt
2023;;;;;1,09;1,14;SyvN_uBW_USt
2024;;;;;1,10;1,18;SyvN_uBW_USt
2025;;;;;1,11;1,31;SyvN_uBW_USt
2026;;;;1,39;1,12;1,37;SyvN_uBW_USt
2015;1,00;1,00;1,00;;;;T4Ws_RzG_WYF
2016;1,21;1,23;1,04;;;;T4Ws_RzG_WYF
2017;1,21;1,25;1,07;;;;T4Ws_RzG_WYF
2018;1,25;1,64;1,10;;;1,64;T4Ws_RzG_WYF
2019;1,20;;1,11;1,20;1,11;0,94;T4Ws_RzG_WYF
2020;;;;;1,13;0,94;T4Ws_RzG_WYF
2021;;;;;1,15;0,95;T4Ws_RzG_WYF
2022;;;;1,13;1,17;0,98;T4Ws_RzG_WYF
2023;;;;;1,19;1,00;T4Ws_RzG_WYF
2024;;;;;1,20;1,05;T4Ws_RzG_WYF
2025;;;;;1,21;1,10;T4Ws_RzG_WYF
2026;;;;1,21;1,22;1,18;T4Ws_RzG_WYF
2015;1,00;1,00;1,00;;;;T7Se_47C_Dhc
2016;1,08;1,27;1,02;;;;T7Se_47C_Dhc
2017;1,09;1,22;1,02;;;;T7Se_47C_Dhc
2018;1,12;1,55;1,04;;;1,55;T7Se_47C_Dhc
2019;1,11;;1,04;1,11;1,04;0,86;T7Se_47C_Dhc
2020;;;;;1,05;0,80;T7Se_47C_Dhc
2021;;;;;1,06;0,76;T7Se_47C_Dhc
2022;;;;1,16;1,08;0,73;T7Se_47C_Dhc
2023;;;;;1,09;0,69;T7Se_47C_Dhc
2024;;;;;1,11;0,66;T7Se_47C_Dhc
2025;;;;;1,12;0,63;T7Se_47C_Dhc
2026;;;;1,19;1,13;0,61;T7Se_47C_Dhc
2015;1,00;1,00;1,00;;;;TQaX_tMT_Pfw
2016;1,28;1,65;1,04;;;;TQaX_tMT_Pfw
2017;1,35;1,86;1,07;;;;TQaX_tMT_Pfw
2018;1,41;2,34;1,10;;;2,34;TQaX_tMT_Pfw
2019;1,41;;1,11;1,41;1,11;1,60;TQaX_tMT_Pfw
2020;;;;;1,18;1,35;TQaX_tMT_Pfw
2021;;;;;1,24;1,18;TQaX_tMT_Pfw
2022;;;;1,45;1,30;1,03;TQaX_tMT_Pfw
2023;;;;;1,35;0,92;TQaX_tMT_Pfw
2024;;;;;1,39;0,82;TQaX_tMT_Pfw
2025;;;;;1,44;0,75;TQaX_tMT_Pfw
2026;;;;1,49;1,48;0,69;TQaX_tMT_Pfw
2015;1,00;1,00;1,00;;;;TgyQ_cnb_2EY
2016;1,12;1,33;1,02;;;;TgyQ_cnb_2EY
2017;1,18;1,59;1,03;;;;TgyQ_cnb_2EY
2018;1,22;1,99;1,05;;;1,99;TgyQ_cnb_2EY
2019;1,24;;1,05;1,24;1,05;1,66;TgyQ_cnb_2EY
2020;;;;;1,05;1,33;TgyQ_cnb_2EY
2021;;;;;1,05;1,15;TgyQ_cnb_2EY
2022;;;;1,25;1,05;1,02;TgyQ_cnb_2EY
2023;;;;;1,05;0,94;TgyQ_cnb_2EY
2024;;;;;1,05;0,90;TgyQ_cnb_2EY
2025;;;;;1,06;0,87;TgyQ_cnb_2EY
2026;;;;1,31;1,06;0,86;TgyQ_cnb_2EY
2015;1,00;1,00;1,00;;;;TiLG_WB2_fmv
2016;1,25;0,98;1,02;;;;TiLG_WB2_fmv
2017;1,31;0,87;1,05;;;;TiLG_WB2_fmv
2018;1,34;1,15;1,07;;;1,15;TiLG_WB2_fmv
2019;1,33;;1,06;1,33;1,06;0,66;TiLG_WB2_fmv
2020;;;;;1,06;0,66;TiLG_WB2_fmv
2021;;;;;1,06;0,68;TiLG_WB2_fmv
2022;;;;1,41;1,06;0,70;TiLG_WB2_fmv
2023;;;;;1,06;0,75;TiLG_WB2_fmv
2024;;;;;1,06;0,83;TiLG_WB2_fmv
2025;;;;;1,06;0,91;TiLG_WB2_fmv
2026;;;;1,52;1,06;0,99;TiLG_WB2_fmv
2015;1,00;1,00;1,00;;;;ULu9_ehh_UAA
2016;1,11;1,14;1,04;;;;ULu9_ehh_UAA
2017;1,13;0,92;1,06;;;;ULu9_ehh_UAA
2018;1,10;0,93;1,06;;;0,93;ULu9_ehh_UAA
2019;1,11;;1,03;1,11;1,03;0,70;ULu9_ehh_UAA
2020;;;;;1,09;0,71;ULu9_ehh_UAA
2021;;;;;1,13;0,74;ULu9_ehh_UAA
2022;;;;1,09;1,18;0,77;ULu9_ehh_UAA
2023;;;;;1,22;0,79;ULu9_ehh_UAA
2024;;;;;1,25;0,80;ULu9_ehh_UAA
2025;;;;;1,29;0,81;ULu9_ehh_UAA
2026;;;;1,07;1,32;0,85;ULu9_ehh_UAA
2015;1,00;1,00;1,00;;;;US8H_LRd_dho
2016;1,20;1,16;1,01;;;;US8H_LRd_dho
2017;1,22;1,18;1,01;;;;US8H_LRd_dho
2018;1,26;1,40;1,01;;;1,40;US8H_LRd_dho
2019;1,27;;0,97;1,27;0,97;0,86;US8H_LRd_dho
2020;;;;;0,99;0,86;US8H_LRd_dho
2021;;;;;1,00;0,87;US8H_LRd_dho
2022;;;;1,32;1,01;0,89;US8H_LRd_dho
2023;;;;;1,02;0,90;US8H_LRd_dho
2024;;;;;1,03;0,90;US8H_LRd_dho
2025;;;;;1,04;0,90;US8H_LRd_dho
2026;;;;1,43;1,06;0,92;US8H_LRd_dho
2015;1,00;1,00;1,00;;;;Uij6_Nsi_9op
2016;1,36;1,38;1,03;;;;Uij6_Nsi_9op
2017;1,60;1,68;1,05;;;;Uij6_Nsi_9op
2018;1,65;1,64;1,06;;;1,64;Uij6_Nsi_9op
2019;1,58;;1,04;1,58;1,04;1,09;Uij6_Nsi_9op
2020;;;;;1,07;1,03;Uij6_Nsi_9op
2021;;;;;1,10;0,99;Uij6_Nsi_9op
2022;;;;1,55;1,12;0,98;Uij6_Nsi_9op
2023;;;;;1,14;0,98;Uij6_Nsi_9op
2024;;;;;1,16;1,00;Uij6_Nsi_9op
2025;;;;;1,18;1,03;Uij6_Nsi_9op
2026;;;;1,53;1,20;1,07;Uij6_Nsi_9op
2015;1,00;1,00;1,00;;;;UsoN_wah_kh4
2016;1,19;1,52;1,01;;;;UsoN_wah_kh4
2017;1,31;1,48;1,02;;;;UsoN_wah_kh4
2018;1,34;2,15;1,02;;;2,15;UsoN_wah_kh4
2019;1,36;;0,98;1,36;0,98;1,11;UsoN_wah_kh4
2020;;;;;0,99;1,29;UsoN_wah_kh4
2021;;;;;1,00;1,42;UsoN_wah_kh4
2022;;;;1,41;1,01;1,55;UsoN_wah_kh4
2023;;;;;1,02;1,66;UsoN_wah_kh4
2024;;;;;1,03;1,76;UsoN_wah_kh4
2025;;;;;1,04;1,81;UsoN_wah_kh4
2026;;;;1,53;1,05;1,88;UsoN_wah_kh4
2015;1,00;1,00;1,00;;;;V3z4_cgX_uzL
2016;1,23;1,32;1,01;;;;V3z4_cgX_uzL
2017;1,29;1,33;1,02;;;;V3z4_cgX_uzL
2018;1,37;1,74;1,02;;;1,74;V3z4_cgX_uzL
2019;1,32;;1,00;1,32;1,00;1,00;V3z4_cgX_uzL
2020;;;;;1,00;1,01;V3z4_cgX_uzL
2021;;;;;1,00;1,01;V3z4_cgX_uzL
2022;;;;1,37;1,01;1,01;V3z4_cgX_uzL
2023;;;;;1,01;1,00;V3z4_cgX_uzL
2024;;;;;1,02;1,00;V3z4_cgX_uzL
2025;;;;;1,02;1,00;V3z4_cgX_uzL
2026;;;;1,48;1,02;0,99;V3z4_cgX_uzL
2015;1,00;1,00;1,00;;;;V45U_AB4_CBw
2016;1,14;1,07;1,04;;;;V45U_AB4_CBw
2017;1,17;1,15;1,07;;;;V45U_AB4_CBw
2018;1,19;1,22;1,09;;;1,22;V45U_AB4_CBw
2019;1,22;;1,10;1,22;1,10;0,82;V45U_AB4_CBw
2020;;;;;1,18;0,79;V45U_AB4_CBw
2021;;;;;1,26;0,77;V45U_AB4_CBw
2022;;;;1,25;1,33;0,77;V45U_AB4_CBw
2023;;;;;1,40;0,77;V45U_AB4_CBw
2024;;;;;1,46;0,76;V45U_AB4_CBw
2025;;;;;1,52;0,76;V45U_AB4_CBw
2026;;;;1,28;1,58;0,77;V45U_AB4_CBw
2015;1,00;1,00;1,00;;;;VPcR_xFu_AdC
2016;0,90;1,02;1,04;;;;VPcR_xFu_AdC
2017;0,81;0,88;1,06;;;;VPcR_xFu_AdC
2018;0,77;1,17;1,08;;;1,17;VPcR_xFu_AdC
2019;1,20;;1,07;1,20;1,07;0,94;VPcR_xFu_AdC
2020;;;;;1,11;0,91;VPcR_xFu_AdC
2021;;;;;1,15;0,87;VPcR_xFu_AdC
2022;;;;1,18;1,18;0,83;VPcR_xFu_AdC
2023;;;;;1,22;0,84;VPcR_xFu_AdC
2024;;;;;1,25;0,85;VPcR_xFu_AdC
2025;;;;;1,28;0,85;VPcR_xFu_AdC
2026;;;;1,16;1,31;0,85;VPcR_xFu_AdC
2015;1,00;1,00;1,00;;;;WEy4_HcB_Px9
2016;1,37;1,62;1,01;;;;WEy4_HcB_Px9
2017;1,43;1,83;1,01;;;;WEy4_HcB_Px9
2018;1,46;1,96;1,00;;;1,96;WEy4_HcB_Px9
2019;1,50;;0,97;1,50;0,97;1,19;WEy4_HcB_Px9
2020;;;;;0,98;1,12;WEy4_HcB_Px9
2021;;;;;0,99;1,15;WEy4_HcB_Px9
2022;;;;1,54;1,00;1,15;WEy4_HcB_Px9
2023;;;;;1,01;1,20;WEy4_HcB_Px9
2024;;;;;1,02;1,25;WEy4_HcB_Px9
2025;;;;;1,04;1,29;WEy4_HcB_Px9
2026;;;;1,61;1,05;1,36;WEy4_HcB_Px9
2015;1,00;1,00;1,00;;;;Wc9C_UQw_e95
2016;1,30;1,34;1,02;;;;Wc9C_UQw_e95
2017;1,37;1,17;1,03;;;;Wc9C_UQw_e95
2018;1,77;2,10;1,04;;;2,10;Wc9C_UQw_e95
2019;1,75;;1,01;1,75;1,01;1,28;Wc9C_UQw_e95
2020;;;;;1,01;1,37;Wc9C_UQw_e95
2021;;;;;1,01;1,47;Wc9C_UQw_e95
2022;;;;1,80;1,01;1,51;Wc9C_UQw_e95
2023;;;;;1,02;1,63;Wc9C_UQw_e95
2024;;;;;1,03;1,70;Wc9C_UQw_e95
2025;;;;;1,03;1,77;Wc9C_UQw_e95
2026;;;;1,82;1,04;1,91;Wc9C_UQw_e95
2015;1,00;1,00;1,00;;;;WfRj_3pm_LWX
2016;1,19;1,37;1,02;;;;WfRj_3pm_LWX
2017;1,26;1,48;1,04;;;;WfRj_3pm_LWX
2018;1,29;1,66;1,05;;;1,66;WfRj_3pm_LWX
2019;1,30;;1,02;1,30;1,02;1,08;WfRj_3pm_LWX
2020;;;;;1,05;1,05;WfRj_3pm_LWX
2021;;;;;1,07;1,05;WfRj_3pm_LWX
2022;;;;1,27;1,09;1,04;WfRj_3pm_LWX
2023;;;;;1,12;1,03;WfRj_3pm_LWX
2024;;;;;1,14;1,02;WfRj_3pm_LWX
2025;;;;;1,17;1,02;WfRj_3pm_LWX
2026;;;;1,29;1,19;1,04;WfRj_3pm_LWX
2015;1,00;1,00;1,00;;;;Wv97_wRL_3LS
2016;1,26;1,15;1,01;;;;Wv97_wRL_3LS
2017;1,33;1,20;1,02;;;;Wv97_wRL_3LS
2018;1,28;1,11;1,02;;;1,11;Wv97_wRL_3LS
2019;1,32;;1,01;1,32;1,01;0,49;Wv97_wRL_3LS
2020;;;;;1,01;0,42;Wv97_wRL_3LS
2021;;;;;1,02;0,36;Wv97_wRL_3LS
2022;;;;1,34;1,02;0,32;Wv97_wRL_3LS
2023;;;;;1,03;0,29;Wv97_wRL_3LS
2024;;;;;1,03;0,26;Wv97_wRL_3LS
2025;;;;;1,04;0,24;Wv97_wRL_3LS
2026;;;;1,37;1,05;0,22;Wv97_wRL_3LS
2015;1,00;1,00;1,00;;;;WvAP_Wde_VWt
2016;1,17;1,35;1,03;;;;WvAP_Wde_VWt
2017;1,21;1,36;1,05;;;;WvAP_Wde_VWt
2018;1,20;1,43;1,05;;;1,43;WvAP_Wde_VWt
2019;1,21;;1,02;1,21;1,02;0,90;WvAP_Wde_VWt
2020;;;;;1,05;0,86;WvAP_Wde_VWt
2021;;;;;1,08;0,82;WvAP_Wde_VWt
2022;;;;1,23;1,10;0,80;WvAP_Wde_VWt
2023;;;;;1,13;0,78;WvAP_Wde_VWt
2024;;;;;1,15;0,78;WvAP_Wde_VWt
2025;;;;;1,17;0,76;WvAP_Wde_VWt
2026;;;;1,26;1,20;0,76;WvAP_Wde_VWt
2015;1,00;1,00;1,00;;;;XBdi_tSd_hm4
2016;1,22;1,21;1,02;;;;XBdi_tSd_hm4
2017;1,23;1,23;1,03;;;;XBdi_tSd_hm4
2018;1,20;1,41;1,04;;;1,41;XBdi_tSd_hm4
2019;1,16;;1,02;1,16;1,02;0,81;XBdi_tSd_hm4
2020;;;;;1,03;0,82;XBdi_tSd_hm4
2021;;;;;1,05;0,82;XBdi_tSd_hm4
2022;;;;1,19;1,06;0,82;XBdi_tSd_hm4
2023;;;;;1,08;0,82;XBdi_tSd_hm4
2024;;;;;1,09;0,82;XBdi_tSd_hm4
2025;;;;;1,11;0,83;XBdi_tSd_hm4
2026;;;;1,24;1,12;0,83;XBdi_tSd_hm4
2015;1,00;1,00;1,00;;;;XJbQ_LMs_N5j
2016;1,22;1,62;1,05;;;;XJbQ_LMs_N5j
2017;1,32;1,49;1,10;;;;XJbQ_LMs_N5j
2018;1,31;1,60;1,15;;;1,60;XJbQ_LMs_N5j
2019;1,32;;1,14;1,32;1,14;0,89;XJbQ_LMs_N5j
2020;;;;;1,17;0,73;XJbQ_LMs_N5j
2021;;;;;1,19;0,64;XJbQ_LMs_N5j
2022;;;;1,39;1,21;0,61;XJbQ_LMs_N5j
2023;;;;;1,23;0,60;XJbQ_LMs_N5j
2024;;;;;1,25;0,58;XJbQ_LMs_N5j
2025;;;;;1,26;0,57;XJbQ_LMs_N5j
2026;;;;1,55;1,27;0,58;XJbQ_LMs_N5j
2015;1,00;1,00;1,00;;;;Xfaw_FBi_KvM
2016;1,12;1,33;1,02;;;;Xfaw_FBi_KvM
2017;1,12;1,37;1,03;;;;Xfaw_FBi_KvM
2018;1,10;1,63;1,03;;;1,63;Xfaw_FBi_KvM
2019;1,07;;1,01;1,07;1,01;1,04;Xfaw_FBi_KvM
2020;;;;;1,04;1,05;Xfaw_FBi_KvM
2021;;;;;1,07;1,05;Xfaw_FBi_KvM
2022;;;;1,10;1,10;1,05;Xfaw_FBi_KvM
2023;;;;;1,13;1,05;Xfaw_FBi_KvM
2024;;;;;1,16;1,05;Xfaw_FBi_KvM
2025;;;;;1,19;1,07;Xfaw_FBi_KvM
2026;;;;1,10;1,21;1,08;Xfaw_FBi_KvM
2015;1,00;1,00;1,00;;;;Y9As_Q3b_Vyr
2016;1,09;1,47;0,98;;;;Y9As_Q3b_Vyr
2017;1,10;1,47;0,98;;;;Y9As_Q3b_Vyr
2018;1,12;1,75;0,97;;;1,75;Y9As_Q3b_Vyr
2019;1,12;;0,93;1,12;0,93;1,11;Y9As_Q3b_Vyr
2020;;;;;0,94;1,08;Y9As_Q3b_Vyr
2021;;;;;0,96;1,08;Y9As_Q3b_Vyr
2022;;;;1,13;0,97;1,11;Y9As_Q3b_Vyr
2023;;;;;0,97;1,09;Y9As_Q3b_Vyr
2024;;;;;0,98;1,08;Y9As_Q3b_Vyr
2025;;;;;0,98;1,06;Y9As_Q3b_Vyr
2026;;;;1,13;0,98;1,00;Y9As_Q3b_Vyr
2015;1,00;1,00;1,00;;;;YRck_fB2_H5V
2016;1,26;1,65;1,02;;;;YRck_fB2_H5V
2017;1,33;1,67;1,04;;;;YRck_fB2_H5V
2018;1,58;2,35;1,05;;;2,35;YRck_fB2_H5V
2019;1,56;;1,05;1,56;1,05;1,43;YRck_fB2_H5V
2020;;;;;1,10;1,39;YRck_fB2_H5V
2021;;;;;1,14;1,37;YRck_fB2_H5V
2022;;;;1,60;1,18;1,36;YRck_fB2_H5V
2023;;;;;1,22;1,36;YRck_fB2_H5V
2024;;;;;1,25;1,36;YRck_fB2_H5V
2025;;;;;1,29;1,37;YRck_fB2_H5V
2026;;;;1,64;1,32;1,39;YRck_fB2_H5V
2015;1,00;1,00;1,00;;;;YcA5_YPw_Bf2
2016;1,11;1,34;1,02;;;;YcA5_YPw_Bf2
2017;1,11;1,40;1,02;;;;YcA5_YPw_Bf2
2018;1,10;1,63;1,03;;;1,63;YcA5_YPw_Bf2
2019;1,08;;1,02;1,08;1,02;1,08;YcA5_YPw_Bf2
2020;;;;;1,07;1,05;YcA5_YPw_Bf2
2021;;;;;1,12;1,03;YcA5_YPw_Bf2
2022;;;;1,06;1,16;1,00;YcA5_YPw_Bf2
2023;;;;;1,20;0,95;YcA5_YPw_Bf2
2024;;;;;1,24;0,92;YcA5_YPw_Bf2
2025;;;;;1,28;0,90;YcA5_YPw_Bf2
2026;;;;1,06;1,31;0,89;YcA5_YPw_Bf2
2015;1,00;1,00;1,00;;;;ZHkW_KFo_79r
2016;1,20;1,24;1,02;;;;ZHkW_KFo_79r
2017;1,18;1,24;1,03;;;;ZHkW_KFo_79r
2018;1,24;1,51;1,04;;;1,51;ZHkW_KFo_79r
2019;1,20;;1,02;1,20;1,02;0,89;ZHkW_KFo_79r
2020;;;;;1,03;0,98;ZHkW_KFo_79r
2021;;;;;1,04;1,03;ZHkW_KFo_79r
2022;;;;1,18;1,05;1,05;ZHkW_KFo_79r
2023;;;;;1,06;1,07;ZHkW_KFo_79r
2024;;;;;1,07;1,10;ZHkW_KFo_79r
2025;;;;;1,08;1,12;ZHkW_KFo_79r
2026;;;;1,17;1,09;1,17;ZHkW_KFo_79r
2015;1,00;1,00;1,00;;;;ZjYg_fqG_RPo
2016;1,24;1,28;1,00;;;;ZjYg_fqG_RPo
2017;1,19;1,11;1,00;;;;ZjYg_fqG_RPo
2018;1,30;1,48;1,00;;;1,48;ZjYg_fqG_RPo
2019;1,30;;0,97;1,30;0,97;0,83;ZjYg_fqG_RPo
2020;;;;;0,97;0,81;ZjYg_fqG_RPo
2021;;;;;0,97;0,81;ZjYg_fqG_RPo
2022;;;;1,33;0,97;0,81;ZjYg_fqG_RPo
2023;;;;;0,97;0,81;ZjYg_fqG_RPo
2024;;;;;0,98;0,80;ZjYg_fqG_RPo
2025;;;;;0,98;0,83;ZjYg_fqG_RPo
2026;;;;1,30;0,98;0,88;ZjYg_fqG_RPo
2015;1,00;1,00;1,00;;;;ZmsL_fPS_5Jr
2016;1,14;1,23;1,01;;;;ZmsL_fPS_5Jr
2017;1,22;1,26;1,01;;;;ZmsL_fPS_5Jr
2018;1,25;1,79;1,02;;;1,79;ZmsL_fPS_5Jr
2019;1,26;;1,00;1,26;1,00;0,96;ZmsL_fPS_5Jr
2020;;;;;1,01;1,00;ZmsL_fPS_5Jr
2021;;;;;1,02;1,04;ZmsL_fPS_5Jr
2022;;;;1,31;1,02;1,05;ZmsL_fPS_5Jr
2023;;;;;1,03;1,04;ZmsL_fPS_5Jr
2024;;;;;1,03;1,03;ZmsL_fPS_5Jr
2025;;;;;1,04;1,04;ZmsL_fPS_5Jr
2026;;;;1,42;1,05;1,06;ZmsL_fPS_5Jr
2015;1,00;1,00;1,00;;;;aFxP_hvC_MFv
2016;1,31;1,36;1,02;;;;aFxP_hvC_MFv
2017;1,37;1,89;1,05;;;;aFxP_hvC_MFv
2018;1,54;2,20;1,06;;;2,20;aFxP_hvC_MFv
2019;1,60;;1,05;1,60;1,05;1,46;aFxP_hvC_MFv
2020;;;;;1,05;1,45;aFxP_hvC_MFv
2021;;;;;1,06;1,47;aFxP_hvC_MFv
2022;;;;1,70;1,06;1,55;aFxP_hvC_MFv
2023;;;;;1,07;1,59;aFxP_hvC_MFv
2024;;;;;1,08;1,63;aFxP_hvC_MFv
2025;;;;;1,08;1,65;aFxP_hvC_MFv
2026;;;;1,84;1,09;1,76;aFxP_hvC_MFv
2015;1,00;1,00;1,00;;;;aG5r_RST_sUz
2016;1,20;1,10;1,02;;;;aG5r_RST_sUz
2017;1,08;0,95;1,04;;;;aG5r_RST_sUz
2018;1,10;0,95;1,05;;;0,95;aG5r_RST_sUz
2019;1,08;;1,03;1,08;1,03;0,59;aG5r_RST_sUz
2020;;;;;1,03;0,48;aG5r_RST_sUz
2021;;;;;1,03;0,43;aG5r_RST_sUz
2022;;;;1,06;1,04;0,40;aG5r_RST_sUz
2023;;;;;1,05;0,37;aG5r_RST_sUz
2024;;;;;1,05;0,35;aG5r_RST_sUz
2025;;;;;1,06;0,35;aG5r_RST_sUz
2026;;;;1,13;1,07;0,37;aG5r_RST_sUz
2015;1,00;1,00;1,00;;;;aVx1_Ku5_DbH
2016;1,23;0,96;1,03;;;;aVx1_Ku5_DbH
2017;1,24;1,19;1,05;;;;aVx1_Ku5_DbH
2018;1,27;1,51;1,07;;;1,51;aVx1_Ku5_DbH
2019;1,25;;1,05;1,25;1,05;1,05;aVx1_Ku5_DbH
2020;;;;;1,06;1,03;aVx1_Ku5_DbH
2021;;;;;1,06;1,00;aVx1_Ku5_DbH
2022;;;;1,33;1,07;1,02;aVx1_Ku5_DbH
2023;;;;;1,07;1,05;aVx1_Ku5_DbH
2024;;;;;1,07;1,07;aVx1_Ku5_DbH
2025;;;;;1,08;1,20;aVx1_Ku5_DbH
2026;;;;1,44;1,08;1,31;aVx1_Ku5_DbH
2015;1,00;1,00;1,00;;;;aW3d_soo_tRy
2016;1,22;1,15;1,02;;;;aW3d_soo_tRy
2017;1,26;0,99;1,03;;;;aW3d_soo_tRy
2018;1,41;1,21;1,04;;;1,21;aW3d_soo_tRy
2019;1,38;;1,02;1,38;1,02;0,74;aW3d_soo_tRy
2020;;;;;1,03;0,68;aW3d_soo_tRy
2021;;;;;1,03;0,64;aW3d_soo_tRy
2022;;;;1,47;1,03;0,61;aW3d_soo_tRy
2023;;;;;1,04;0,59;aW3d_soo_tRy
2024;;;;;1,04;0,58;aW3d_soo_tRy
2025;;;;;1,05;0,57;aW3d_soo_tRy
2026;;;;1,59;1,05;0,57;aW3d_soo_tRy
2015;1,00;1,00;1,00;;;;aWrT_gWc_2jX
2016;1,09;0,99;1,02;;;;aWrT_gWc_2jX
2017;1,12;1,14;1,03;;;;aWrT_gWc_2jX
2018;1,13;1,26;1,05;;;1,26;aWrT_gWc_2jX
2019;1,24;;1,03;1,24;1,03;0,66;aWrT_gWc_2jX
2020;;;;;1,05;0,68;aWrT_gWc_2jX
2021;;;;;1,06;0,69;aWrT_gWc_2jX
2022;;;;1,22;1,08;0,70;aWrT_gWc_2jX
2023;;;;;1,10;0,73;aWrT_gWc_2jX
2024;;;;;1,11;0,76;aWrT_gWc_2jX
2025;;;;;1,13;0,78;aWrT_gWc_2jX
2026;;;;1,20;1,14;0,82;aWrT_gWc_2jX
2015;1,00;1,00;1,00;;;;agK3_B7Y_QLy
2016;1,38;1,14;1,03;;;;agK3_B7Y_QLy
2017;1,40;1,14;1,04;;;;agK3_B7Y_QLy
2018;1,45;1,12;1,04;;;1,12;agK3_B7Y_QLy
2019;1,53;;1,00;1,53;1,00;0,74;agK3_B7Y_QLy
2020;;;;;1,02;0,72;agK3_B7Y_QLy
2021;;;;;1,04;0,74;agK3_B7Y_QLy
2022;;;;1,34;1,06;0,75;agK3_B7Y_QLy
2023;;;;;1,08;0,76;agK3_B7Y_QLy
2024;;;;;1,10;0,78;agK3_B7Y_QLy
2025;;;;;1,12;0,82;agK3_B7Y_QLy
2026;;;;1,54;1,14;0,85;agK3_B7Y_QLy
2015;1,00;1,00;1,00;;;;aoe5_pys_4HD
2016;1,00;1,04;0,99;;;;aoe5_pys_4HD
2017;0,99;1,06;0,99;;;;aoe5_pys_4HD
2018;1,03;1,46;1,00;;;1,46;aoe5_pys_4HD
2019;1,00;;0,95;1,00;0,95;0,91;aoe5_pys_4HD
2020;;;;;0,95;0,91;aoe5_pys_4HD
2021;;;;;0,96;0,89;aoe5_pys_4HD
2022;;;;1,05;0,96;0,87;aoe5_pys_4HD
2023;;;;;0,96;0,84;aoe5_pys_4HD
2024;;;;;0,96;0,79;aoe5_pys_4HD
2025;;;;;0,96;0,74;aoe5_pys_4HD
2026;;;;1,20;0,96;0,71;aoe5_pys_4HD
2015;1,00;1,00;1,00;;;;b8KC_a1c_vDU
2016;1,17;1,43;1,04;;;;b8KC_a1c_vDU
2017;1,20;1,61;1,06;;;;b8KC_a1c_vDU
2018;1,24;1,88;1,09;;;1,88;b8KC_a1c_vDU
2019;1,28;;1,09;1,28;1,09;1,39;b8KC_a1c_vDU
2020;;;;;1,17;1,21;b8KC_a1c_vDU
2021;;;;;1,24;1,09;b8KC_a1c_vDU
2022;;;;1,31;1,30;1,02;b8KC_a1c_vDU
2023;;;;;1,36;0,96;b8KC_a1c_vDU
2024;;;;;1,42;0,93;b8KC_a1c_vDU
2025;;;;;1,47;0,92;b8KC_a1c_vDU
2026;;;;1,34;1,52;0,93;b8KC_a1c_vDU
2015;1,00;1,00;1,00;;;;bjND_x23_rzC
2016;1,16;1,50;1,02;;;;bjND_x23_rzC
2017;1,20;1,62;1,03;;;;bjND_x23_rzC
2018;1,23;1,96;1,04;;;1,96;bjND_x23_rzC
2019;1,25;;1,04;1,25;1,04;1,11;bjND_x23_rzC
2020;;;;;1,08;1,00;bjND_x23_rzC
2021;;;;;1,12;0,95;bjND_x23_rzC
2022;;;;1,29;1,15;0,91;bjND_x23_rzC
2023;;;;;1,19;0,90;bjND_x23_rzC
2024;;;;;1,22;0,89;bjND_x23_rzC
2025;;;;;1,25;0,90;bjND_x23_rzC
2026;;;;1,29;1,28;0,92;bjND_x23_rzC
2015;1,00;1,00;1,00;;;;bkuh_HWC_muF
2016;1,09;1,17;1,03;;;;bkuh_HWC_muF
2017;1,08;1,01;1,05;;;;bkuh_HWC_muF
2018;1,17;1,50;1,07;;;1,50;bkuh_HWC_muF
2019;1,25;;1,08;1,25;1,08;0,84;bkuh_HWC_muF
2020;;;;;1,12;0,90;bkuh_HWC_muF
2021;;;;;1,15;0,93;bkuh_HWC_muF
2022;;;;1,32;1,18;0,96;bkuh_HWC_muF
2023;;;;;1,21;1,00;bkuh_HWC_muF
2024;;;;;1,24;1,02;bkuh_HWC_muF
2025;;;;;1,26;1,05;bkuh_HWC_muF
2026;;;;1,47;1,28;1,07;bkuh_HWC_muF
2015;1,00;1,00;1,00;;;;cRLD_LWf_a8p
2016;1,16;1,14;1,07;;;;cRLD_LWf_a8p
2017;1,19;1,26;1,12;;;;cRLD_LWf_a8p
2018;1,21;1,49;1,20;;;1,49;cRLD_LWf_a8p
2019;1,23;;1,24;1,23;1,24;0,96;cRLD_LWf_a8p
2020;;;;;1,29;1,00;cRLD_LWf_a8p
2021;;;;;1,33;1,03;cRLD_LWf_a8p
2022;;;;1,26;1,36;1,01;cRLD_LWf_a8p
2023;;;;;1,39;1,00;cRLD_LWf_a8p
2024;;;;;1,42;0,98;cRLD_LWf_a8p
2025;;;;;1,44;0,95;cRLD_LWf_a8p
2026;;;;1,29;1,46;0,93;cRLD_LWf_a8p
2015;1,00;1,00;1,00;;;;cRyt_LHy_gMw
2016;1,11;1,33;1,04;;;;cRyt_LHy_gMw
2017;1,20;1,39;1,07;;;;cRyt_LHy_gMw
2018;1,31;1,72;1,10;;;1,72;cRyt_LHy_gMw
2019;1,18;;1,10;1,18;1,10;0,97;cRyt_LHy_gMw
2020;;;;;1,13;0,97;cRyt_LHy_gMw
2021;;;;;1,16;0,99;cRyt_LHy_gMw
2022;;;;1,21;1,19;1,01;cRyt_LHy_gMw
2023;;;;;1,21;1,04;cRyt_LHy_gMw
2024;;;;;1,23;1,09;cRyt_LHy_gMw
2025;;;;;1,25;1,14;cRyt_LHy_gMw
2026;;;;1,26;1,27;1,19;cRyt_LHy_gMw
2015;1,00;1,00;1,00;;;;cZwL_Sq9_MMj
2016;1,11;1,16;1,01;;;;cZwL_Sq9_MMj
2017;1,16;0,98;1,01;;;;cZwL_Sq9_MMj
2018;1,23;1,22;1,01;;;1,22;cZwL_Sq9_MMj
2019;1,24;;1,00;1,24;1,00;0,80;cZwL_Sq9_MMj
2020;;;;;1,00;0,86;cZwL_Sq9_MMj
2021;;;;;1,01;0,90;cZwL_Sq9_MMj
2022;;;;1,28;1,01;0,94;cZwL_Sq9_MMj
2023;;;;;1,02;0,96;cZwL_Sq9_MMj
2024;;;;;1,03;0,98;cZwL_Sq9_MMj
2025;;;;;1,03;0,99;cZwL_Sq9_MMj
2026;;;;1,33;1,04;1,00;cZwL_Sq9_MMj
2015;1,00;1,00;1,00;;;;d1K1_zCE_AjM
2016;1,23;1,31;1,02;;;;d1K1_zCE_AjM
2017;1,19;1,18;1,04;;;;d1K1_zCE_AjM
2018;1,26;1,39;1,06;;;1,39;d1K1_zCE_AjM
2019;1,20;;1,05;1,20;1,05;0,86;d1K1_zCE_AjM
2020;;;;;1,04;0,83;d1K1_zCE_AjM
2021;;;;;1,04;0,80;d1K1_zCE_AjM
2022;;;;1,27;1,04;0,79;d1K1_zCE_AjM
2023;;;;;1,03;0,80;d1K1_zCE_AjM
2024;;;;;1,03;0,82;d1K1_zCE_AjM
2025;;;;;1,03;0,85;d1K1_zCE_AjM
2026;;;;1,38;1,03;0,90;d1K1_zCE_AjM
2015;1,00;1,00;1,00;;;;d7uQ_TrS_RwF
2016;1,35;1,26;1,03;;;;d7uQ_TrS_RwF
2017;1,48;1,29;1,07;;;;d7uQ_TrS_RwF
2018;1,53;1,64;1,11;;;1,64;d7uQ_TrS_RwF
2019;1,50;;1,10;1,50;1,10;1,07;d7uQ_TrS_RwF
2020;;;;;1,12;1,00;d7uQ_TrS_RwF
2021;;;;;1,13;0,97;d7uQ_TrS_RwF
2022;;;;1,59;1,14;0,97;d7uQ_TrS_RwF
2023;;;;;1,15;0,98;d7uQ_TrS_RwF
2024;;;;;1,16;1,01;d7uQ_TrS_RwF
2025;;;;;1,17;1,05;d7uQ_TrS_RwF
2026;;;;1,72;1,18;1,07;d7uQ_TrS_RwF
2015;1,00;1,00;1,00;;;;dPDC_KMd_dHY
2016;1,23;1,29;1,03;;;;dPDC_KMd_dHY
2017;1,38;1,42;1,06;;;;dPDC_KMd_dHY
2018;2,14;2,96;1,09;;;2,96;dPDC_KMd_dHY
2019;2,18;;1,10;2,18;1,10;2,30;dPDC_KMd_dHY
2020;;;;;1,12;2,32;dPDC_KMd_dHY
2021;;;;;1,14;2,32;dPDC_KMd_dHY
2022;;;;2,24;1,16;2,36;dPDC_KMd_dHY
2023;;;;;1,18;2,40;dPDC_KMd_dHY
2024;;;;;1,19;2,47;dPDC_KMd_dHY
2025;;;;;1,21;2,59;dPDC_KMd_dHY
2026;;;;2,33;1,22;2,74;dPDC_KMd_dHY
2015;1,00;1,00;1,00;;;;djSF_fAH_AbG
2016;1,21;1,17;1,03;;;;djSF_fAH_AbG
2017;1,27;1,17;1,05;;;;djSF_fAH_AbG
2018;1,28;1,31;1,04;;;1,31;djSF_fAH_AbG
2019;1,27;;1,01;1,27;1,01;0,87;djSF_fAH_AbG
2020;;;;;1,04;0,91;djSF_fAH_AbG
2021;;;;;1,07;0,93;djSF_fAH_AbG
2022;;;;1,13;1,10;0,95;djSF_fAH_AbG
2023;;;;;1,13;0,98;djSF_fAH_AbG
2024;;;;;1,16;1,02;djSF_fAH_AbG
2025;;;;;1,19;1,04;djSF_fAH_AbG
2026;;;;1,29;1,22;1,07;djSF_fAH_AbG
2015;1,00;1,00;1,00;;;;eAjC_B3N_Jzs
2016;1,37;1,33;1,01;;;;eAjC_B3N_Jzs
2017;1,49;1,44;1,02;;;;eAjC_B3N_Jzs
2018;1,58;2,09;1,03;;;2,09;eAjC_B3N_Jzs
2019;1,40;;1,02;1,40;1,02;1,14;eAjC_B3N_Jzs
2020;;;;;1,03;1,20;eAjC_B3N_Jzs
2021;;;;;1,05;1,25;eAjC_B3N_Jzs
2022;;;;1,49;1,06;1,28;eAjC_B3N_Jzs
2023;;;;;1,07;1,30;eAjC_B3N_Jzs
2024;;;;;1,08;1,33;eAjC_B3N_Jzs
2025;;;;;1,09;1,38;eAjC_B3N_Jzs
2026;;;;1,65;1,10;1,46;eAjC_B3N_Jzs
2015;1,00;1,00;1,00;;;;eTpr_5k1_5qh
2016;1,23;1,49;1,02;;;;eTpr_5k1_5qh
2017;1,25;1,44;1,03;;;;eTpr_5k1_5qh
2018;1,30;1,86;1,04;;;1,86;eTpr_5k1_5qh
2019;1,29;;1,02;1,29;1,02;1,23;eTpr_5k1_5qh
2020;;;;;1,03;1,24;eTpr_5k1_5qh
2021;;;;;1,03;1,27;eTpr_5k1_5qh
2022;;;;1,35;1,04;1,26;eTpr_5k1_5qh
2023;;;;;1,05;1,27;eTpr_5k1_5qh
2024;;;;;1,06;1,28;eTpr_5k1_5qh
2025;;;;;1,07;1,28;eTpr_5k1_5qh
2026;;;;1,49;1,08;1,29;eTpr_5k1_5qh
2015;1,00;1,00;1,00;;;;eaBA_Vde_s7Z
2016;1,38;1,22;1,05;;;;eaBA_Vde_s7Z
2017;1,55;1,35;1,11;;;;eaBA_Vde_s7Z
2018;1,64;1,54;1,16;;;1,54;eaBA_Vde_s7Z
2019;1,60;;1,16;1,60;1,16;0,97;eaBA_Vde_s7Z
2020;;;;;1,18;0,84;eaBA_Vde_s7Z
2021;;;;;1,20;0,76;eaBA_Vde_s7Z
2022;;;;1,70;1,22;0,71;eaBA_Vde_s7Z
2023;;;;;1,23;0,68;eaBA_Vde_s7Z
2024;;;;;1,25;0,65;eaBA_Vde_s7Z
2025;;;;;1,26;0,64;eaBA_Vde_s7Z
2026;;;;1,89;1,27;0,64;eaBA_Vde_s7Z
2015;1,00;1,00;1,00;;;;exqA_K5u_rye
2016;1,25;2,00;1,03;;;;exqA_K5u_rye
2017;1,81;2,15;1,04;;;;exqA_K5u_rye
2018;1,98;2,46;1,02;;;2,46;exqA_K5u_rye
2019;1,99;;0,95;1,99;0,95;1,76;exqA_K5u_rye
2020;;;;;0,98;1,84;exqA_K5u_rye
2021;;;;;1,01;1,97;exqA_K5u_rye
2022;;;;1,60;1,04;2,03;exqA_K5u_rye
2023;;;;;1,08;2,12;exqA_K5u_rye
2024;;;;;1,11;2,28;exqA_K5u_rye
2025;;;;;1,14;2,38;exqA_K5u_rye
2026;;;;2,07;1,17;2,64;exqA_K5u_rye
2015;1,00;1,00;1,00;;;;fS27_kmb_pr6
2016;0,87;0,70;1,02;;;;fS27_kmb_pr6
2017;0,72;0,42;1,03;;;;fS27_kmb_pr6
2018;0,69;0,38;1,04;;;0,38;fS27_kmb_pr6
2019;0,69;;1,02;0,69;1,02;0,13;fS27_kmb_pr6
2020;;;;;1,03;0,11;fS27_kmb_pr6
2021;;;;;1,03;0,10;fS27_kmb_pr6
2022;;;;0,71;1,04;0,08;fS27_kmb_pr6
2023;;;;;1,05;0,07;fS27_kmb_pr6
2024;;;;;1,05;0,07;fS27_kmb_pr6
2025;;;;;1,06;0,06;fS27_kmb_pr6
2026;;;;0,72;1,07;0,05;fS27_kmb_pr6
2015;1,00;1,00;1,00;;;;fZx2_Dqz_k2f
2016;1,13;1,57;1,01;;;;fZx2_Dqz_k2f
2017;1,05;1,41;1,02;;;;fZx2_Dqz_k2f
2018;1,04;1,74;1,02;;;1,74;fZx2_Dqz_k2f
2019;1,04;;1,00;1,04;1,00;0,96;fZx2_Dqz_k2f
2020;;;;;1,01;0,98;fZx2_Dqz_k2f
2021;;;;;1,01;1,03;fZx2_Dqz_k2f
2022;;;;1,07;1,01;1,06;fZx2_Dqz_k2f
2023;;;;;1,02;1,09;fZx2_Dqz_k2f
2024;;;;;1,02;1,15;fZx2_Dqz_k2f
2025;;;;;1,03;1,21;fZx2_Dqz_k2f
2026;;;;1,05;1,03;1,25;fZx2_Dqz_k2f
2015;1,00;1,00;1,00;;;;gP29_uNp_2Ti
2016;1,22;1,10;1,04;;;;gP29_uNp_2Ti
2017;1,18;0,90;1,06;;;;gP29_uNp_2Ti
2018;1,19;1,20;1,08;;;1,20;gP29_uNp_2Ti
2019;1,13;;1,08;1,13;1,08;0,69;gP29_uNp_2Ti
2020;;;;;1,12;0,64;gP29_uNp_2Ti
2021;;;;;1,15;0,60;gP29_uNp_2Ti
2022;;;;1,07;1,19;0,59;gP29_uNp_2Ti
2023;;;;;1,22;0,58;gP29_uNp_2Ti
2024;;;;;1,24;0,57;gP29_uNp_2Ti
2025;;;;;1,27;0,58;gP29_uNp_2Ti
2026;;;;1,14;1,29;0,59;gP29_uNp_2Ti
2015;1,00;1,00;1,00;;;;gPin_ujX_4xi
2016;1,27;1,15;1,02;;;;gPin_ujX_4xi
2017;1,40;1,15;1,05;;;;gPin_ujX_4xi
2018;1,61;1,40;1,07;;;1,40;gPin_ujX_4xi
2019;1,63;;1,05;1,63;1,05;0,83;gPin_ujX_4xi
2020;;;;;1,07;0,76;gPin_ujX_4xi
2021;;;;;1,08;0,72;gPin_ujX_4xi
2022;;;;1,73;1,10;0,71;gPin_ujX_4xi
2023;;;;;1,11;0,71;gPin_ujX_4xi
2024;;;;;1,12;0,72;gPin_ujX_4xi
2025;;;;;1,13;0,73;gPin_ujX_4xi
2026;;;;1,87;1,14;0,76;gPin_ujX_4xi
2015;1,00;1,00;1,00;;;;giy5_tF8_pHU
2016;1,24;1,54;1,02;;;;giy5_tF8_pHU
2017;1,22;1,76;1,03;;;;giy5_tF8_pHU
2018;1,20;1,91;1,04;;;1,91;giy5_tF8_pHU
2019;1,18;;1,01;1,18;1,01;1,02;giy5_tF8_pHU
2020;;;;;1,02;0,99;giy5_tF8_pHU
2021;;;;;1,03;0,98;giy5_tF8_pHU
2022;;;;1,21;1,04;0,96;giy5_tF8_pHU
2023;;;;;1,05;0,94;giy5_tF8_pHU
2024;;;;;1,06;0,93;giy5_tF8_pHU
2025;;;;;1,07;0,93;giy5_tF8_pHU
2026;;;;1,24;1,08;0,94;giy5_tF8_pHU
2015;1,00;1,00;1,00;;;;j9YZ_Qej_Q2s
2016;1,14;1,22;1,03;;;;j9YZ_Qej_Q2s
2017;1,17;1,44;1,04;;;;j9YZ_Qej_Q2s
2018;1,20;1,56;1,07;;;1,56;j9YZ_Qej_Q2s
2019;1,15;;1,07;1,15;1,07;0,82;j9YZ_Qej_Q2s
2020;;;;;1,10;0,84;j9YZ_Qej_Q2s
2021;;;;;1,13;0,88;j9YZ_Qej_Q2s
2022;;;;1,19;1,15;0,90;j9YZ_Qej_Q2s
2023;;;;;1,18;0,92;j9YZ_Qej_Q2s
2024;;;;;1,20;0,95;j9YZ_Qej_Q2s
2025;;;;;1,22;0,96;j9YZ_Qej_Q2s
2026;;;;1,19;1,24;0,99;j9YZ_Qej_Q2s
2015;1,00;1,00;1,00;;;;jSSk_UqT_bgo
2016;1,20;1,22;1,03;;;;jSSk_UqT_bgo
2017;1,25;1,27;1,05;;;;jSSk_UqT_bgo
2018;1,13;1,39;1,08;;;1,39;jSSk_UqT_bgo
2019;1,12;;1,08;1,12;1,08;0,74;jSSk_UqT_bgo
2020;;;;;1,10;0,72;jSSk_UqT_bgo
2021;;;;;1,12;0,70;jSSk_UqT_bgo
2022;;;;1,15;1,14;0,69;jSSk_UqT_bgo
2023;;;;;1,15;0,69;jSSk_UqT_bgo
2024;;;;;1,17;0,69;jSSk_UqT_bgo
2025;;;;;1,18;0,69;jSSk_UqT_bgo
2026;;;;1,20;1,20;0,70;jSSk_UqT_bgo
2015;1,00;1,00;1,00;;;;k5RJ_tbC_cys
2016;2,14;1,50;1,02;;;;k5RJ_tbC_cys
2017;1,72;1,23;1,04;;;;k5RJ_tbC_cys
2018;1,18;1,46;1,05;;;1,46;k5RJ_tbC_cys
2019;2,06;;1,03;2,06;1,03;1,14;k5RJ_tbC_cys
2020;;;;;1,02;1,18;k5RJ_tbC_cys
2021;;;;;1,02;1,16;k5RJ_tbC_cys
2022;;;;2,19;1,01;1,18;k5RJ_tbC_cys
2023;;;;;1,01;1,20;k5RJ_tbC_cys
2024;;;;;1,00;1,26;k5RJ_tbC_cys
2025;;;;;1,00;1,28;k5RJ_tbC_cys
2026;;;;2,37;1,00;1,31;k5RJ_tbC_cys
2015;1,00;1,00;1,00;;;;kWbW_FCC_uoj
2016;1,18;1,36;1,06;;;;kWbW_FCC_uoj
2017;1,22;1,49;1,10;;;;kWbW_FCC_uoj
2018;1,26;1,53;1,14;;;1,53;kWbW_FCC_uoj
2019;1,29;;1,16;1,29;1,16;0,95;kWbW_FCC_uoj
2020;;;;;1,21;0,82;kWbW_FCC_uoj
2021;;;;;1,25;0,73;kWbW_FCC_uoj
2022;;;;1,33;1,29;0,67;kWbW_FCC_uoj
2023;;;;;1,32;0,63;kWbW_FCC_uoj
2024;;;;;1,34;0,59;kWbW_FCC_uoj
2025;;;;;1,37;0,56;kWbW_FCC_uoj
2026;;;;1,37;1,39;0,55;kWbW_FCC_uoj
2015;1,00;1,00;1,00;;;;kbGN_43R_ZsX
2016;1,07;1,06;1,01;;;;kbGN_43R_ZsX
2017;1,12;1,22;1,01;;;;kbGN_43R_ZsX
2018;1,15;1,62;1,03;;;1,62;kbGN_43R_ZsX
2019;1,12;;1,01;1,12;1,01;0,93;kbGN_43R_ZsX
2020;;;;;1,01;0,90;kbGN_43R_ZsX
2021;;;;;1,01;0,90;kbGN_43R_ZsX
2022;;;;1,14;1,01;0,89;kbGN_43R_ZsX
2023;;;;;1,01;0,88;kbGN_43R_ZsX
2024;;;;;1,01;0,90;kbGN_43R_ZsX
2025;;;;;1,02;0,92;kbGN_43R_ZsX
2026;;;;1,13;1,02;0,93;kbGN_43R_ZsX
2015;1,00;1,00;1,00;;;;kgMM_4k1_N4v
2016;1,21;1,23;1,02;;;;kgMM_4k1_N4v
2017;1,24;1,26;1,02;;;;kgMM_4k1_N4v
2018;1,25;1,48;1,03;;;1,48;kgMM_4k1_N4v
2019;1,24;;1,01;1,24;1,01;0,95;kgMM_4k1_N4v
2020;;;;;1,03;0,93;kgMM_4k1_N4v
2021;;;;;1,05;0,91;kgMM_4k1_N4v
2022;;;;1,28;1,07;0,90;kgMM_4k1_N4v
2023;;;;;1,09;0,89;kgMM_4k1_N4v
2024;;;;;1,11;0,89;kgMM_4k1_N4v
2025;;;;;1,12;0,89;kgMM_4k1_N4v
2026;;;;1,33;1,14;0,91;kgMM_4k1_N4v
2015;1,00;1,00;1,00;;;;mqze_D9J_Sgx
2016;1,11;1,49;1,02;;;;mqze_D9J_Sgx
2017;1,11;1,57;1,03;;;;mqze_D9J_Sgx
2018;1,22;1,89;1,04;;;1,89;mqze_D9J_Sgx
2019;1,23;;1,02;1,23;1,02;1,33;mqze_D9J_Sgx
2020;;;;;1,04;1,22;mqze_D9J_Sgx
2021;;;;;1,06;1,16;mqze_D9J_Sgx
2022;;;;1,26;1,07;1,12;mqze_D9J_Sgx
2023;;;;;1,09;1,09;mqze_D9J_Sgx
2024;;;;;1,10;1,06;mqze_D9J_Sgx
2025;;;;;1,12;1,05;mqze_D9J_Sgx
2026;;;;1,30;1,13;1,04;mqze_D9J_Sgx
2015;1,00;1,00;1,00;;;;mtjb_D8y_apQ
2016;1,08;1,05;1,03;;;;mtjb_D8y_apQ
2017;1,11;1,04;1,05;;;;mtjb_D8y_apQ
2018;1,12;0,98;1,04;;;0,98;mtjb_D8y_apQ
2019;1,08;;0,98;1,08;0,98;0,78;mtjb_D8y_apQ
2020;;;;;1,02;0,77;mtjb_D8y_apQ
2021;;;;;1,05;0,77;mtjb_D8y_apQ
2022;;;;1,10;1,08;0,76;mtjb_D8y_apQ
2023;;;;;1,12;0,75;mtjb_D8y_apQ
2024;;;;;1,15;0,73;mtjb_D8y_apQ
2025;;;;;1,19;0,69;mtjb_D8y_apQ
2026;;;;1,12;1,22;0,66;mtjb_D8y_apQ
2015;1,00;1,00;1,00;;;;n9fP_Evc_oJ7
2016;1,11;1,19;1,03;;;;n9fP_Evc_oJ7
2017;1,13;1,24;1,06;;;;n9fP_Evc_oJ7
2018;1,16;1,54;1,08;;;1,54;n9fP_Evc_oJ7
2019;1,20;;1,08;1,20;1,08;0,94;n9fP_Evc_oJ7
2020;;;;;1,13;0,89;n9fP_Evc_oJ7
2021;;;;;1,17;0,87;n9fP_Evc_oJ7
2022;;;;1,23;1,21;0,85;n9fP_Evc_oJ7
2023;;;;;1,25;0,84;n9fP_Evc_oJ7
2024;;;;;1,28;0,84;n9fP_Evc_oJ7
2025;;;;;1,31;0,85;n9fP_Evc_oJ7
2026;;;;1,28;1,34;0,87;n9fP_Evc_oJ7
2015;1,00;1,00;1,00;;;;nF3a_Y5a_3KB
2016;1,14;0,94;1,01;;;;nF3a_Y5a_3KB
2017;1,14;1,07;1,02;;;;nF3a_Y5a_3KB
2018;1,14;1,23;1,03;;;1,23;nF3a_Y5a_3KB
2019;1,14;;1,01;1,14;1,01;0,88;nF3a_Y5a_3KB
2020;;;;;1,02;0,98;nF3a_Y5a_3KB
2021;;;;;1,04;1,05;nF3a_Y5a_3KB
2022;;;;1,26;1,05;1,12;nF3a_Y5a_3KB
2023;;;;;1,06;1,16;nF3a_Y5a_3KB
2024;;;;;1,07;1,20;nF3a_Y5a_3KB
2025;;;;;1,08;1,25;nF3a_Y5a_3KB
2026;;;;1,47;1,09;1,32;nF3a_Y5a_3KB
2015;1,00;1,00;1,00;;;;nP7s_KaH_E5d
2016;1,14;1,59;1,03;;;;nP7s_KaH_E5d
2017;1,13;1,65;1,06;;;;nP7s_KaH_E5d
2018;0,96;1,73;1,09;;;1,73;nP7s_KaH_E5d
2019;0,93;;1,11;0,93;1,11;1,19;nP7s_KaH_E5d
2020;;;;;1,14;0,95;nP7s_KaH_E5d
2021;;;;;1,17;0,79;nP7s_KaH_E5d
2022;;;;0,96;1,20;0,69;nP7s_KaH_E5d
2023;;;;;1,23;0,62;nP7s_KaH_E5d
2024;;;;;1,25;0,58;nP7s_KaH_E5d
2025;;;;;1,28;0,55;nP7s_KaH_E5d
2026;;;;0,98;1,30;0,52;nP7s_KaH_E5d
2015;1,00;1,00;1,00;;;;nZ7W_7ei_GBK
2016;1,61;1,87;1,01;;;;nZ7W_7ei_GBK
2017;1,81;2,58;1,02;;;;nZ7W_7ei_GBK
2018;1,92;3,05;1,03;;;3,05;nZ7W_7ei_GBK
2019;1,53;;1,02;1,53;1,02;1,57;nZ7W_7ei_GBK
2020;;;;;1,04;1,66;nZ7W_7ei_GBK
2021;;;;;1,06;1,68;nZ7W_7ei_GBK
2022;;;;1,62;1,07;1,71;nZ7W_7ei_GBK
2023;;;;;1,09;1,82;nZ7W_7ei_GBK
2024;;;;;1,11;1,85;nZ7W_7ei_GBK
2025;;;;;1,12;1,91;nZ7W_7ei_GBK
2026;;;;1,80;1,13;1,99;nZ7W_7ei_GBK
2015;1,00;1,00;1,00;;;;nZX5_jkR_eXd
2016;1,22;1,11;1,02;;;;nZX5_jkR_eXd
2017;1,43;0,94;1,05;;;;nZX5_jkR_eXd
2018;1,36;0,92;1,07;;;0,92;nZX5_jkR_eXd
2019;1,32;;1,07;1,32;1,07;0,67;nZX5_jkR_eXd
2020;;;;;1,08;0,60;nZX5_jkR_eXd
2021;;;;;1,09;0,57;nZX5_jkR_eXd
2022;;;;1,24;1,10;0,53;nZX5_jkR_eXd
2023;;;;;1,11;0,52;nZX5_jkR_eXd
2024;;;;;1,12;0,52;nZX5_jkR_eXd
2025;;;;;1,12;0,52;nZX5_jkR_eXd
2026;;;;1,33;1,13;0,51;nZX5_jkR_eXd
2015;1,00;1,00;1,00;;;;nbdN_Gmi_gyZ
2016;1,11;1,22;1,02;;;;nbdN_Gmi_gyZ
2017;1,10;0,85;1,04;;;;nbdN_Gmi_gyZ
2018;1,08;1,23;1,05;;;1,23;nbdN_Gmi_gyZ
2019;0,99;;1,02;0,99;1,02;0,71;nbdN_Gmi_gyZ
2020;;;;;1,03;0,78;nbdN_Gmi_gyZ
2021;;;;;1,04;0,81;nbdN_Gmi_gyZ
2022;;;;1,01;1,04;0,84;nbdN_Gmi_gyZ
2023;;;;;1,05;0,90;nbdN_Gmi_gyZ
2024;;;;;1,06;0,93;nbdN_Gmi_gyZ
2025;;;;;1,07;0,95;nbdN_Gmi_gyZ
2026;;;;0,99;1,08;0,98;nbdN_Gmi_gyZ
2015;1,00;1,00;1,00;;;;ntvE_WCR_9bm
2016;1,16;1,25;1,03;;;;ntvE_WCR_9bm
2017;1,13;1,35;1,04;;;;ntvE_WCR_9bm
2018;1,16;1,59;1,06;;;1,59;ntvE_WCR_9bm
2019;1,20;;1,05;1,20;1,05;1,08;ntvE_WCR_9bm
2020;;;;;1,06;0,96;ntvE_WCR_9bm
2021;;;;;1,07;0,90;ntvE_WCR_9bm
2022;;;;1,14;1,08;0,85;ntvE_WCR_9bm
2023;;;;;1,09;0,82;ntvE_WCR_9bm
2024;;;;;1,10;0,81;ntvE_WCR_9bm
2025;;;;;1,11;0,81;ntvE_WCR_9bm
2026;;;;1,22;1,11;0,81;ntvE_WCR_9bm
2015;1,00;1,00;1,00;;;;oBNT_dDT_Wbu
2016;1,17;0,79;1,02;;;;oBNT_dDT_Wbu
2017;1,50;1,33;1,05;;;;oBNT_dDT_Wbu
2018;1,52;1,71;1,09;;;1,71;oBNT_dDT_Wbu
2019;1,75;;1,10;1,75;1,10;1,26;oBNT_dDT_Wbu
2020;;;;;1,13;1,38;oBNT_dDT_Wbu
2021;;;;;1,15;1,52;oBNT_dDT_Wbu
2022;;;;1,95;1,18;1,63;oBNT_dDT_Wbu
2023;;;;;1,20;1,74;oBNT_dDT_Wbu
2024;;;;;1,22;1,92;oBNT_dDT_Wbu
2025;;;;;1,24;2,06;oBNT_dDT_Wbu
2026;;;;2,31;1,26;2,26;oBNT_dDT_Wbu
2015;1,00;1,00;1,00;;;;oKxc_Uj4_Gre
2016;1,16;1,06;1,05;;;;oKxc_Uj4_Gre
2017;1,22;1,12;1,08;;;;oKxc_Uj4_Gre
2018;1,28;1,32;1,12;;;1,32;oKxc_Uj4_Gre
2019;1,27;;1,13;1,27;1,13;0,76;oKxc_Uj4_Gre
2020;;;;;1,17;0,65;oKxc_Uj4_Gre
2021;;;;;1,20;0,59;oKxc_Uj4_Gre
2022;;;;1,31;1,24;0,57;oKxc_Uj4_Gre
2023;;;;;1,27;0,57;oKxc_Uj4_Gre
2024;;;;;1,29;0,57;oKxc_Uj4_Gre
2025;;;;;1,32;0,59;oKxc_Uj4_Gre
2026;;;;1,36;1,34;0,60;oKxc_Uj4_Gre
2015;1,00;1,00;1,00;;;;osFD_kCX_kEk
2016;1,10;1,36;1,02;;;;osFD_kCX_kEk
2017;1,12;1,43;1,04;;;;osFD_kCX_kEk
2018;1,14;1,66;1,06;;;1,66;osFD_kCX_kEk
2019;1,18;;1,05;1,18;1,05;1,13;osFD_kCX_kEk
2020;;;;;1,07;1,02;osFD_kCX_kEk
2021;;;;;1,09;0,98;osFD_kCX_kEk
2022;;;;1,21;1,11;0,93;osFD_kCX_kEk
2023;;;;;1,13;0,90;osFD_kCX_kEk
2024;;;;;1,15;0,88;osFD_kCX_kEk
2025;;;;;1,17;0,89;osFD_kCX_kEk
2026;;;;1,26;1,18;0,89;osFD_kCX_kEk
2015;1,00;1,00;1,00;;;;pXhC_UUt_EZU
2016;1,20;1,58;1,01;;;;pXhC_UUt_EZU
2017;1,27;1,60;1,02;;;;pXhC_UUt_EZU
2018;1,36;2,25;1,04;;;2,25;pXhC_UUt_EZU
2019;1,36;;1,03;1,36;1,03;1,40;pXhC_UUt_EZU
2020;;;;;1,05;1,54;pXhC_UUt_EZU
2021;;;;;1,06;1,60;pXhC_UUt_EZU
2022;;;;1,69;1,08;1,68;pXhC_UUt_EZU
2023;;;;;1,09;1,75;pXhC_UUt_EZU
2024;;;;;1,10;1,82;pXhC_UUt_EZU
2025;;;;;1,11;1,89;pXhC_UUt_EZU
2026;;;;2,12;1,12;1,99;pXhC_UUt_EZU
2015;1,00;1,00;1,00;;;;q6Mk_Da2_axz
2016;1,24;1,47;1,02;;;;q6Mk_Da2_axz
2017;1,28;1,63;1,03;;;;q6Mk_Da2_axz
2018;1,37;2,03;1,03;;;2,03;q6Mk_Da2_axz
2019;1,41;;1,01;1,41;1,01;1,46;q6Mk_Da2_axz
2020;;;;;1,03;1,42;q6Mk_Da2_axz
2021;;;;;1,04;1,42;q6Mk_Da2_axz
2022;;;;1,44;1,06;1,41;q6Mk_Da2_axz
2023;;;;;1,07;1,42;q6Mk_Da2_axz
2024;;;;;1,09;1,43;q6Mk_Da2_axz
2025;;;;;1,10;1,44;q6Mk_Da2_axz
2026;;;;1,48;1,11;1,47;q6Mk_Da2_axz
2015;1,00;1,00;1,00;;;;qVCb_TS2_rDL
2016;1,11;1,24;1,01;;;;qVCb_TS2_rDL
2017;1,14;1,27;1,03;;;;qVCb_TS2_rDL
2018;1,15;1,64;1,04;;;1,64;qVCb_TS2_rDL
2019;1,13;;1,04;1,13;1,04;0,96;qVCb_TS2_rDL
2020;;;;;1,05;0,92;qVCb_TS2_rDL
2021;;;;;1,06;0,89;qVCb_TS2_rDL
2022;;;;1,20;1,07;0,87;qVCb_TS2_rDL
2023;;;;;1,08;0,86;qVCb_TS2_rDL
2024;;;;;1,09;0,85;qVCb_TS2_rDL
2025;;;;;1,10;0,84;qVCb_TS2_rDL
2026;;;;1,30;1,11;0,84;qVCb_TS2_rDL
2015;1,00;1,00;1,00;;;;qXXj_Rk4_KiU
2016;1,10;1,42;1,03;;;;qXXj_Rk4_KiU
2017;1,09;0,93;1,07;;;;qXXj_Rk4_KiU
2018;1,11;1,32;1,10;;;1,32;qXXj_Rk4_KiU
2019;1,19;;1,12;1,19;1,12;0,95;qXXj_Rk4_KiU
2020;;;;;1,15;0,98;qXXj_Rk4_KiU
2021;;;;;1,18;0,95;qXXj_Rk4_KiU
2022;;;;1,27;1,20;0,97;qXXj_Rk4_KiU
2023;;;;;1,22;0,97;qXXj_Rk4_KiU
2024;;;;;1,24;0,97;qXXj_Rk4_KiU
2025;;;;;1,26;1,00;qXXj_Rk4_KiU
2026;;;;1,42;1,28;1,01;qXXj_Rk4_KiU
2015;1,00;1,00;1,00;;;;qacF_6Ks_m8D
2016;1,18;1,16;1,02;;;;qacF_6Ks_m8D
2017;1,25;1,19;1,03;;;;qacF_6Ks_m8D
2018;1,26;1,57;1,04;;;1,57;qacF_6Ks_m8D
2019;1,26;;1,03;1,26;1,03;0,87;qacF_6Ks_m8D
2020;;;;;1,05;0,91;qacF_6Ks_m8D
2021;;;;;1,06;0,95;qacF_6Ks_m8D
2022;;;;1,24;1,07;0,98;qacF_6Ks_m8D
2023;;;;;1,09;1,02;qacF_6Ks_m8D
2024;;;;;1,10;1,06;qacF_6Ks_m8D
2025;;;;;1,11;1,09;qacF_6Ks_m8D
2026;;;;1,22;1,12;1,14;qacF_6Ks_m8D
2015;1,00;1,00;1,00;;;;qojQ_yuN_aNs
2016;1,19;1,66;1,03;;;;qojQ_yuN_aNs
2017;1,20;1,84;1,06;;;;qojQ_yuN_aNs
2018;1,14;1,93;1,10;;;1,93;qojQ_yuN_aNs
2019;1,06;;1,11;1,06;1,11;1,35;qojQ_yuN_aNs
2020;;;;;1,16;1,01;qojQ_yuN_aNs
2021;;;;;1,20;0,84;qojQ_yuN_aNs
2022;;;;1,08;1,24;0,74;qojQ_yuN_aNs
2023;;;;;1,28;0,68;qojQ_yuN_aNs
2024;;;;;1,31;0,65;qojQ_yuN_aNs
2025;;;;;1,35;0,62;qojQ_yuN_aNs
2026;;;;1,11;1,38;0,60;qojQ_yuN_aNs
2015;1,00;1,00;1,00;;;;rDZt_5vw_brk
2016;1,23;1,39;1,01;;;;rDZt_5vw_brk
2017;1,25;1,24;1,02;;;;rDZt_5vw_brk
2018;2,80;3,51;1,02;;;3,51;rDZt_5vw_brk
2019;2,66;;1,01;2,66;1,01;2,33;rDZt_5vw_brk
2020;;;;;1,01;2,50;rDZt_5vw_brk
2021;;;;;1,02;2,54;rDZt_5vw_brk
2022;;;;2,74;1,03;2,52;rDZt_5vw_brk
2023;;;;;1,04;2,54;rDZt_5vw_brk
2024;;;;;1,04;2,54;rDZt_5vw_brk
2025;;;;;1,05;2,53;rDZt_5vw_brk
2026;;;;2,85;1,06;2,53;rDZt_5vw_brk
2015;1,00;1,00;1,00;;;;rXQH_ojd_Pe1
2016;1,12;1,32;1,01;;;;rXQH_ojd_Pe1
2017;1,10;1,17;1,02;;;;rXQH_ojd_Pe1
2018;1,08;1,48;1,03;;;1,48;rXQH_ojd_Pe1
2019;1,06;;1,00;1,06;1,00;0,87;rXQH_ojd_Pe1
2020;;;;;1,01;0,89;rXQH_ojd_Pe1
2021;;;;;1,01;0,87;rXQH_ojd_Pe1
2022;;;;1,10;1,02;0,84;rXQH_ojd_Pe1
2023;;;;;1,03;0,81;rXQH_ojd_Pe1
2024;;;;;1,04;0,80;rXQH_ojd_Pe1
2025;;;;;1,04;0,78;rXQH_ojd_Pe1
2026;;;;1,19;1,05;0,76;rXQH_ojd_Pe1
2015;1,00;1,00;1,00;;;;rYY5_6Jz_mMT
2016;1,25;1,34;1,02;;;;rYY5_6Jz_mMT
2017;1,19;1,29;1,03;;;;rYY5_6Jz_mMT
2018;1,17;1,52;1,03;;;1,52;rYY5_6Jz_mMT
2019;1,17;;0,99;1,17;0,99;0,97;rYY5_6Jz_mMT
2020;;;;;1,00;0,94;rYY5_6Jz_mMT
2021;;;;;1,02;0,93;rYY5_6Jz_mMT
2022;;;;1,20;1,03;0,93;rYY5_6Jz_mMT
2023;;;;;1,04;0,93;rYY5_6Jz_mMT
2024;;;;;1,05;0,94;rYY5_6Jz_mMT
2025;;;;;1,07;0,94;rYY5_6Jz_mMT
2026;;;;1,25;1,08;0,95;rYY5_6Jz_mMT
2015;1,00;1,00;1,00;;;;rno7_MFk_voB
2016;1,23;1,21;1,01;;;;rno7_MFk_voB
2017;1,14;1,23;1,03;;;;rno7_MFk_voB
2018;1,13;1,69;1,05;;;1,69;rno7_MFk_voB
2019;1,13;;1,05;1,13;1,05;0,95;rno7_MFk_voB
2020;;;;;1,06;1,06;rno7_MFk_voB
2021;;;;;1,07;1,13;rno7_MFk_voB
2022;;;;1,26;1,09;1,24;rno7_MFk_voB
2023;;;;;1,10;1,30;rno7_MFk_voB
2024;;;;;1,11;1,39;rno7_MFk_voB
2025;;;;;1,12;1,50;rno7_MFk_voB
2026;;;;1,50;1,12;1,56;rno7_MFk_voB
2015;1,00;1,00;1,00;;;;sJuy_wzJ_PfZ
2016;1,16;1,35;1,04;;;;sJuy_wzJ_PfZ
2017;1,18;1,66;1,07;;;;sJuy_wzJ_PfZ
2018;1,21;2,42;1,09;;;2,42;sJuy_wzJ_PfZ
2019;1,21;;1,09;1,21;1,09;1,42;sJuy_wzJ_PfZ
2020;;;;;1,18;1,42;sJuy_wzJ_PfZ
2021;;;;;1,26;1,43;sJuy_wzJ_PfZ
2022;;;;1,24;1,33;1,43;sJuy_wzJ_PfZ
2023;;;;;1,40;1,43;sJuy_wzJ_PfZ
2024;;;;;1,47;1,43;sJuy_wzJ_PfZ
2025;;;;;1,53;1,40;sJuy_wzJ_PfZ
2026;;;;1,27;1,59;1,38;sJuy_wzJ_PfZ
2015;1,00;1,00;1,00;;;;sv2K_RjU_9F5
2016;1,22;1,19;1,03;;;;sv2K_RjU_9F5
2017;1,23;1,35;1,08;;;;sv2K_RjU_9F5
2018;1,26;1,56;1,10;;;1,56;sv2K_RjU_9F5
2019;1,30;;1,09;1,30;1,09;1,09;sv2K_RjU_9F5
2020;;;;;1,11;0,94;sv2K_RjU_9F5
2021;;;;;1,13;0,81;sv2K_RjU_9F5
2022;;;;1,34;1,15;0,71;sv2K_RjU_9F5
2023;;;;;1,16;0,61;sv2K_RjU_9F5
2024;;;;;1,17;0,55;sv2K_RjU_9F5
2025;;;;;1,19;0,50;sv2K_RjU_9F5
2026;;;;1,35;1,20;0,47;sv2K_RjU_9F5
2015;1,00;1,00;1,00;;;;t3NB_gE9_7Pa
2016;1,28;1,17;1,03;;;;t3NB_gE9_7Pa
2017;1,37;1,33;1,04;;;;t3NB_gE9_7Pa
2018;1,39;1,80;1,04;;;1,80;t3NB_gE9_7Pa
2019;1,34;;1,00;1,34;1,00;1,25;t3NB_gE9_7Pa
2020;;;;;1,02;1,26;t3NB_gE9_7Pa
2021;;;;;1,03;1,29;t3NB_gE9_7Pa
2022;;;;1,18;1,05;1,30;t3NB_gE9_7Pa
2023;;;;;1,07;1,34;t3NB_gE9_7Pa
2024;;;;;1,09;1,39;t3NB_gE9_7Pa
2025;;;;;1,12;1,44;t3NB_gE9_7Pa
2026;;;;1,38;1,14;1,53;t3NB_gE9_7Pa
2015;1,00;1,00;1,00;;;;twqK_wzK_3Uy
2016;1,23;1,15;1,02;;;;twqK_wzK_3Uy
2017;1,31;1,02;1,04;;;;twqK_wzK_3Uy
2018;1,34;1,26;1,06;;;1,26;twqK_wzK_3Uy
2019;1,26;;1,04;1,26;1,04;0,69;twqK_wzK_3Uy
2020;;;;;1,04;0,68;twqK_wzK_3Uy
2021;;;;;1,04;0,68;twqK_wzK_3Uy
2022;;;;1,34;1,04;0,69;twqK_wzK_3Uy
2023;;;;;1,05;0,73;twqK_wzK_3Uy
2024;;;;;1,05;0,76;twqK_wzK_3Uy
2025;;;;;1,05;0,79;twqK_wzK_3Uy
2026;;;;1,45;1,06;0,82;twqK_wzK_3Uy
2015;1,00;1,00;1,00;;;;un3t_N9C_3es
2016;1,16;1,29;1,02;;;;un3t_N9C_3es
2017;1,10;1,26;1,04;;;;un3t_N9C_3es
2018;1,07;1,79;1,05;;;1,79;un3t_N9C_3es
2019;1,04;;1,03;1,04;1,03;0,95;un3t_N9C_3es
2020;;;;;1,04;1,00;un3t_N9C_3es
2021;;;;;1,05;1,10;un3t_N9C_3es
2022;;;;1,06;1,06;1,22;un3t_N9C_3es
2023;;;;;1,06;1,31;un3t_N9C_3es
2024;;;;;1,07;1,38;un3t_N9C_3es
2025;;;;;1,08;1,46;un3t_N9C_3es
2026;;;;1,04;1,08;1,53;un3t_N9C_3es
2015;1,00;1,00;1,00;;;;uzsU_QGg_8vm
2016;1,30;1,32;1,02;;;;uzsU_QGg_8vm
2017;1,37;1,29;1,04;;;;uzsU_QGg_8vm
2018;1,35;1,61;1,05;;;1,61;uzsU_QGg_8vm
2019;1,33;;1,04;1,33;1,04;1,00;uzsU_QGg_8vm
2020;;;;;1,05;1,07;uzsU_QGg_8vm
2021;;;;;1,07;1,14;uzsU_QGg_8vm
2022;;;;1,31;1,09;1,20;uzsU_QGg_8vm
2023;;;;;1,10;1,24;uzsU_QGg_8vm
2024;;;;;1,11;1,28;uzsU_QGg_8vm
2025;;;;;1,12;1,34;uzsU_QGg_8vm
2026;;;;1,29;1,14;1,40;uzsU_QGg_8vm
2015;1,00;1,00;1,00;;;;vEzY_KGx_Qrm
2016;1,26;1,15;1,03;;;;vEzY_KGx_Qrm
2017;1,34;1,13;1,06;;;;vEzY_KGx_Qrm
2018;1,41;1,39;1,11;;;1,39;vEzY_KGx_Qrm
2019;1,48;;1,12;1,48;1,12;0,87;vEzY_KGx_Qrm
2020;;;;;1,17;0,93;vEzY_KGx_Qrm
2021;;;;;1,21;0,99;vEzY_KGx_Qrm
2022;;;;1,79;1,25;1,06;vEzY_KGx_Qrm
2023;;;;;1,28;1,13;vEzY_KGx_Qrm
2024;;;;;1,31;1,21;vEzY_KGx_Qrm
2025;;;;;1,34;1,30;vEzY_KGx_Qrm
2026;;;;2,25;1,37;1,39;vEzY_KGx_Qrm
2015;1,00;1,00;1,00;;;;w88C_jP2_5Jq
2016;1,09;1,33;1,02;;;;w88C_jP2_5Jq
2017;1,01;1,22;1,04;;;;w88C_jP2_5Jq
2018;1,16;1,68;1,07;;;1,68;w88C_jP2_5Jq
2019;1,34;;1,09;1,34;1,09;1,23;w88C_jP2_5Jq
2020;;;;;1,11;1,28;w88C_jP2_5Jq
2021;;;;;1,14;1,34;w88C_jP2_5Jq
2022;;;;1,42;1,16;1,45;w88C_jP2_5Jq
2023;;;;;1,18;1,53;w88C_jP2_5Jq
2024;;;;;1,20;1,60;w88C_jP2_5Jq
2025;;;;;1,21;1,69;w88C_jP2_5Jq
2026;;;;1,58;1,23;1,80;w88C_jP2_5Jq
2015;1,00;1,00;1,00;;;;wBPd_WYV_F3H
2016;1,09;1,67;1,03;;;;wBPd_WYV_F3H
2017;1,08;1,79;1,05;;;;wBPd_WYV_F3H
2018;1,08;2,09;1,09;;;2,09;wBPd_WYV_F3H
2019;1,07;;1,10;1,07;1,10;1,55;wBPd_WYV_F3H
2020;;;;;1,13;1,17;wBPd_WYV_F3H
2021;;;;;1,15;0,97;wBPd_WYV_F3H
2022;;;;1,09;1,17;0,83;wBPd_WYV_F3H
2023;;;;;1,19;0,73;wBPd_WYV_F3H
2024;;;;;1,21;0,66;wBPd_WYV_F3H
2025;;;;;1,23;0,62;wBPd_WYV_F3H
2026;;;;1,11;1,25;0,60;wBPd_WYV_F3H
2015;1,00;1,00;1,00;;;;wJi4_2o8_NKn
2016;1,13;1,35;1,02;;;;wJi4_2o8_NKn
2017;1,13;1,08;1,04;;;;wJi4_2o8_NKn
2018;1,16;1,21;1,05;;;1,21;wJi4_2o8_NKn
2019;1,15;;1,02;1,15;1,02;0,85;wJi4_2o8_NKn
2020;;;;;1,03;0,86;wJi4_2o8_NKn
2021;;;;;1,03;0,88;wJi4_2o8_NKn
2022;;;;1,18;1,04;0,89;wJi4_2o8_NKn
2023;;;;;1,05;0,91;wJi4_2o8_NKn
2024;;;;;1,05;0,92;wJi4_2o8_NKn
2025;;;;;1,06;0,95;wJi4_2o8_NKn
2026;;;;1,23;1,07;0,98;wJi4_2o8_NKn
2015;1,00;1,00;1,00;;;;wQjS_6TH_wXD
2016;1,26;1,17;1,00;;;;wQjS_6TH_wXD
2017;1,33;1,20;1,00;;;;wQjS_6TH_wXD
2018;1,39;1,45;0,99;;;1,45;wQjS_6TH_wXD
2019;1,41;;0,95;1,41;0,95;0,89;wQjS_6TH_wXD
2020;;;;;0,97;0,85;wQjS_6TH_wXD
2021;;;;;1,00;0,82;wQjS_6TH_wXD
2022;;;;1,47;1,02;0,80;wQjS_6TH_wXD
2023;;;;;1,05;0,78;wQjS_6TH_wXD
2024;;;;;1,07;0,77;wQjS_6TH_wXD
2025;;;;;1,10;0,78;wQjS_6TH_wXD
2026;;;;1,59;1,12;0,81;wQjS_6TH_wXD
2015;1,00;1,00;1,00;;;;wtUW_ERP_rRf
2016;1,32;1,10;1,02;;;;wtUW_ERP_rRf
2017;1,32;1,10;1,04;;;;wtUW_ERP_rRf
2018;1,37;1,67;1,06;;;1,67;wtUW_ERP_rRf
2019;1,47;;1,06;1,47;1,06;0,93;wtUW_ERP_rRf
2020;;;;;1,08;1,06;wtUW_ERP_rRf
2021;;;;;1,10;1,05;wtUW_ERP_rRf
2022;;;;1,56;1,11;1,12;wtUW_ERP_rRf
2023;;;;;1,12;1,14;wtUW_ERP_rRf
2024;;;;;1,14;1,17;wtUW_ERP_rRf
2025;;;;;1,15;1,26;wtUW_ERP_rRf
2026;;;;1,73;1,16;1,30;wtUW_ERP_rRf
2015;1,00;1,00;1,00;;;;xLVU_ugW_t3L
2016;1,20;1,19;1,02;;;;xLVU_ugW_t3L
2017;1,26;1,21;1,04;;;;xLVU_ugW_t3L
2018;1,35;1,55;1,04;;;1,55;xLVU_ugW_t3L
2019;1,39;;1,00;1,39;1,00;1,00;xLVU_ugW_t3L
2020;;;;;1,01;1,08;xLVU_ugW_t3L
2021;;;;;1,02;1,13;xLVU_ugW_t3L
2022;;;;1,43;1,03;1,19;xLVU_ugW_t3L
2023;;;;;1,05;1,23;xLVU_ugW_t3L
2024;;;;;1,06;1,28;xLVU_ugW_t3L
2025;;;;;1,07;1,33;xLVU_ugW_t3L
2026;;;;1,45;1,09;1,38;xLVU_ugW_t3L
2015;1,00;1,00;1,00;;;;xiWu_j4m_25c
2016;1,23;1,22;1,02;;;;xiWu_j4m_25c
2017;1,30;1,17;1,05;;;;xiWu_j4m_25c
2018;1,32;1,41;1,06;;;1,41;xiWu_j4m_25c
2019;1,30;;1,05;1,30;1,05;0,83;xiWu_j4m_25c
2020;;;;;1,05;0,86;xiWu_j4m_25c
2021;;;;;1,05;0,89;xiWu_j4m_25c
2022;;;;1,37;1,05;0,95;xiWu_j4m_25c
2023;;;;;1,05;1,01;xiWu_j4m_25c
2024;;;;;1,05;1,08;xiWu_j4m_25c
2025;;;;;1,06;1,15;xiWu_j4m_25c
2026;;;;1,49;1,06;1,23;xiWu_j4m_25c
2015;1,00;1,00;1,00;;;;xxEf_E6T_RAk
2016;1,22;1,10;1,02;;;;xxEf_E6T_RAk
2017;1,27;1,03;1,03;;;;xxEf_E6T_RAk
2018;1,32;1,17;1,04;;;1,17;xxEf_E6T_RAk
2019;1,32;;1,02;1,32;1,02;0,74;xxEf_E6T_RAk
2020;;;;;1,05;0,65;xxEf_E6T_RAk
2021;;;;;1,07;0,59;xxEf_E6T_RAk
2022;;;;1,36;1,09;0,57;xxEf_E6T_RAk
2023;;;;;1,11;0,56;xxEf_E6T_RAk
2024;;;;;1,13;0,56;xxEf_E6T_RAk
2025;;;;;1,14;0,57;xxEf_E6T_RAk
2026;;;;1,41;1,16;0,59;xxEf_E6T_RAk
2015;1,00;1,00;1,00;;;;xzCf_Aqu_3db
2016;1,15;1,39;1,00;;;;xzCf_Aqu_3db
2017;1,17;1,39;1,01;;;;xzCf_Aqu_3db
2018;1,28;1,83;1,01;;;1,83;xzCf_Aqu_3db
2019;1,30;;0,98;1,30;0,98;1,06;xzCf_Aqu_3db
2020;;;;;0,98;1,12;xzCf_Aqu_3db
2021;;;;;0,97;1,17;xzCf_Aqu_3db
2022;;;;1,35;0,97;1,21;xzCf_Aqu_3db
2023;;;;;0,97;1,23;xzCf_Aqu_3db
2024;;;;;0,97;1,26;xzCf_Aqu_3db
2025;;;;;0,98;1,30;xzCf_Aqu_3db
2026;;;;1,46;0,98;1,34;xzCf_Aqu_3db
2015;1,00;1,00;1,00;;;;y4zC_umg_FhR
2016;1,24;1,19;1,03;;;;y4zC_umg_FhR
2017;1,33;1,19;1,05;;;;y4zC_umg_FhR
2018;1,44;1,49;1,07;;;1,49;y4zC_umg_FhR
2019;1,44;;1,07;1,44;1,07;0,81;y4zC_umg_FhR
2020;;;;;1,09;0,81;y4zC_umg_FhR
2021;;;;;1,12;0,81;y4zC_umg_FhR
2022;;;;1,49;1,15;0,81;y4zC_umg_FhR
2023;;;;;1,17;0,81;y4zC_umg_FhR
2024;;;;;1,19;0,81;y4zC_umg_FhR
2025;;;;;1,21;0,83;y4zC_umg_FhR
2026;;;;1,55;1,22;0,85;y4zC_umg_FhR
2015;1,00;1,00;1,00;;;;yVrR_KN3_qLU
2016;1,19;1,14;1,02;;;;yVrR_KN3_qLU
2017;1,22;1,17;1,03;;;;yVrR_KN3_qLU
2018;1,26;1,31;1,05;;;1,31;yVrR_KN3_qLU
2019;1,29;;1,04;1,29;1,04;0,91;yVrR_KN3_qLU
2020;;;;;1,04;0,95;yVrR_KN3_qLU
2021;;;;;1,05;1,00;yVrR_KN3_qLU
2022;;;;1,35;1,06;1,04;yVrR_KN3_qLU
2023;;;;;1,07;1,08;yVrR_KN3_qLU
2024;;;;;1,08;1,12;yVrR_KN3_qLU
2025;;;;;1,08;1,16;yVrR_KN3_qLU
2026;;;;1,50;1,09;1,18;yVrR_KN3_qLU
2015;1,00;1,00;1,00;;;;yYzL_HRa_Eo6
2016;1,50;1,52;1,02;;;;yYzL_HRa_Eo6
2017;1,87;1,68;1,03;;;;yYzL_HRa_Eo6
2018;1,88;2,02;1,04;;;2,02;yYzL_HRa_Eo6
2019;1,78;;1,02;1,78;1,02;1,20;yYzL_HRa_Eo6
2020;;;;;1,02;1,18;yYzL_HRa_Eo6
2021;;;;;1,03;1,23;yYzL_HRa_Eo6
2022;;;;1,86;1,03;1,23;yYzL_HRa_Eo6
2023;;;;;1,03;1,25;yYzL_HRa_Eo6
2024;;;;;1,04;1,29;yYzL_HRa_Eo6
2025;;;;;1,04;1,30;yYzL_HRa_Eo6
2026;;;;2,06;1,05;1,32;yYzL_HRa_Eo6
2015;1,00;1,00;1,00;;;;yuSx_f8c_p42
2016;1,14;1,11;1,02;;;;yuSx_f8c_p42
2017;1,23;0,96;1,03;;;;yuSx_f8c_p42
2018;1,21;1,31;1,03;;;1,31;yuSx_f8c_p42
2019;1,06;;1,00;1,06;1,00;0,70;yuSx_f8c_p42
2020;;;;;1,01;0,74;yuSx_f8c_p42
2021;;;;;1,01;0,79;yuSx_f8c_p42
2022;;;;1,08;1,02;0,83;yuSx_f8c_p42
2023;;;;;1,04;0,85;yuSx_f8c_p42
2024;;;;;1,05;0,88;yuSx_f8c_p42
2025;;;;;1,06;0,91;yuSx_f8c_p42
2026;;;;1,06;1,07;0,96;yuSx_f8c_p42
2015;1,00;1,00;1,00;;;;zNU9_YQx_6KD
2016;1,12;1,20;1,02;;;;zNU9_YQx_6KD
2017;1,14;1,13;1,03;;;;zNU9_YQx_6KD
2018;1,17;1,20;1,04;;;1,20;zNU9_YQx_6KD
2019;1,20;;1,02;1,20;1,02;0,87;zNU9_YQx_6KD
2020;;;;;1,03;0,88;zNU9_YQx_6KD
2021;;;;;1,04;0,89;zNU9_YQx_6KD
2022;;;;1,24;1,05;0,90;zNU9_YQx_6KD
2023;;;;;1,06;0,90;zNU9_YQx_6KD
2024;;;;;1,07;0,90;zNU9_YQx_6KD
2025;;;;;1,08;0,94;zNU9_YQx_6KD
2026;;;;1,29;1,09;0,96;zNU9_YQx_6KD
2015;1,00;1,00;1,00;;;;zNkV_jwN_SDm
2016;1,13;1,05;1,01;;;;zNkV_jwN_SDm
2017;1,19;1,11;1,01;;;;zNkV_jwN_SDm
2018;1,22;1,29;1,01;;;1,29;zNkV_jwN_SDm
2019;1,22;;0,99;1,22;0,99;0,89;zNkV_jwN_SDm
2020;;;;;0,99;0,94;zNkV_jwN_SDm
2021;;;;;0,99;0,94;zNkV_jwN_SDm
2022;;;;1,29;0,99;0,95;zNkV_jwN_SDm
2023;;;;;0,99;0,97;zNkV_jwN_SDm
2024;;;;;0,99;0,97;zNkV_jwN_SDm
2025;;;;;0,99;1,00;zNkV_jwN_SDm
2026;;;;1,40;1,00;1,05;zNkV_jwN_SDm
2015;1,00;1,00;1,00;;;;zeH5_DWK_HES
2016;1,19;1,17;1,01;;;;zeH5_DWK_HES
2017;1,20;1,18;1,02;;;;zeH5_DWK_HES
2018;1,15;1,50;1,02;;;1,50;zeH5_DWK_HES
2019;1,19;;0,99;1,19;0,99;0,88;zeH5_DWK_HES
2020;;;;;0,99;0,96;zeH5_DWK_HES
2021;;;;;0,99;1,03;zeH5_DWK_HES
2022;;;;1,21;1,00;1,08;zeH5_DWK_HES
2023;;;;;1,01;1,13;zeH5_DWK_HES
2024;;;;;1,01;1,18;zeH5_DWK_HES
2025;;;;;1,02;1,23;zeH5_DWK_HES
2026;;;;1,19;1,03;1,28;zeH5_DWK_HES
2015;1,00;1,00;1,00;;;;zoEr_iWq_NcK
2016;1,12;1,14;1,03;;;;zoEr_iWq_NcK
2017;1,15;1,23;1,04;;;;zoEr_iWq_NcK
2018;1,23;1,46;1,05;;;1,46;zoEr_iWq_NcK
2019;1,21;;1,02;1,21;1,02;0,85;zoEr_iWq_NcK
2020;;;;;1,05;0,80;zoEr_iWq_NcK
2021;;;;;1,07;0,76;zoEr_iWq_NcK
2022;;;;1,37;1,09;0,74;zoEr_iWq_NcK
2023;;;;;1,11;0,73;zoEr_iWq_NcK
2024;;;;;1,13;0,73;zoEr_iWq_NcK
2025;;;;;1,15;0,76;zoEr_iWq_NcK
2026;;;;1,53;1,17;0,78;zoEr_iWq_NcK